roi_id,r0,r1,c0,c1,coverage,spectral_variance,mean_reflectance
bare silicon all_p01_r0001,4,12,160,168,0.875,0.00023931934003583382,0.03873324287265909
bare silicon all_p01_r0002,4,12,164,172,0.90625,4.220478434770911e-05,0.0361369547958481
bare silicon all_p01_r0003,8,16,160,168,1.0,8.335504769429473e-05,0.0348742089268526
bare silicon all_p01_r0004,8,16,164,172,1.0,8.368950869320726e-06,0.03363705589200875
bare silicon all_p01_r0005,8,16,168,176,0.9375,0.0003348298771249791,0.042121782015693464
bare silicon all_p01_r0006,12,20,156,164,0.96875,0.0002000295365529451,0.03440454716896929
bare silicon all_p01_r0007,12,20,160,168,1.0,3.004609183055465e-05,0.031139309818885436
bare silicon all_p01_r0008,12,20,164,172,1.0,2.783749583980999e-05,0.031121931773623206
bare silicon all_p01_r0009,12,20,168,176,1.0,0.00016486484162111994,0.03552027886740373
bare silicon all_p01_r0010,16,24,152,160,0.90625,0.0002618898146817742,0.03292370659593856
bare silicon all_p01_r0011,16,24,156,164,1.0,9.301782513119568e-06,0.027993750426300916
bare silicon all_p01_r0012,16,24,160,168,1.0,5.110984049547564e-06,0.027484216452666046
bare silicon all_p01_r0013,16,24,164,172,1.0,4.963343978586055e-06,0.02767367008123543
bare silicon all_p01_r0014,16,24,168,176,1.0,2.1837632755655443e-05,0.029419549194258394
bare silicon all_p01_r0015,20,28,152,160,1.0,4.2134965625813244e-05,0.02763776928377143
bare silicon all_p01_r0016,20,28,156,164,1.0,3.39252337091865e-06,0.02619845393822805
bare silicon all_p01_r0017,20,28,160,168,1.0,2.876635100885666e-06,0.026043290881651967
bare silicon all_p01_r0018,20,28,164,172,1.0,2.9183975401978032e-06,0.026320195577966377
bare silicon all_p01_r0019,20,28,168,176,1.0,6.265727557114214e-06,0.02724020840853098
bare silicon all_p01_r0020,20,28,172,180,0.953125,0.0004037402365352098,0.037538718393804654
bare silicon all_p01_r0021,24,32,148,156,0.984375,0.00014924647357790396,0.028895915335018483
bare silicon all_p01_r0022,24,32,152,160,1.0,2.553492123002872e-06,0.025649864662286852
bare silicon all_p01_r0023,24,32,156,164,1.0,2.2309293675447993e-06,0.025212623990759412
bare silicon all_p01_r0024,24,32,160,168,1.0,1.9587748711315944e-06,0.02517348935435663
bare silicon all_p01_r0025,24,32,164,172,1.0,1.8437235910565877e-06,0.025504665296575017
bare silicon all_p01_r0026,24,32,168,176,1.0,2.409433879184688e-06,0.026151817285497873
bare silicon all_p01_r0027,24,32,172,180,1.0,0.00019966023603932542,0.0326528463104229
bare silicon all_p01_r0028,28,36,144,152,0.921875,0.00022296206216980714,0.030468935449390278
bare silicon all_p01_r0029,28,36,148,156,1.0,2.892769474554182e-06,0.02578516535686787
bare silicon all_p01_r0030,28,36,152,160,1.0,1.969158135897579e-06,0.025130556394383604
bare silicon all_p01_r0031,28,36,156,164,1.0,1.7095244176926253e-06,0.024826319485032264
bare silicon all_p01_r0032,28,36,160,168,1.0,1.6808079578852738e-06,0.02493495256262272
bare silicon all_p01_r0033,28,36,164,172,1.0,2.5030133001236786e-06,0.02552833039050891
bare silicon all_p01_r0034,28,36,168,176,1.0,2.4552656630439035e-06,0.02597458555780385
bare silicon all_p01_r0035,28,36,172,180,1.0,4.634166863646885e-05,0.028959071172049596
bare silicon all_p01_r0036,32,40,144,152,1.0,2.435097378485772e-05,0.026625600225843624
bare silicon all_p01_r0037,32,40,148,156,1.0,1.7310883623193672e-06,0.02532022607608724
bare silicon all_p01_r0038,32,40,152,160,1.0,1.8020266731390277e-06,0.02489334497428462
bare silicon all_p01_r0039,32,40,156,164,1.0,1.7265936525237037e-06,0.02466993169520242
bare silicon all_p01_r0040,32,40,160,168,1.0,1.8289134829875455e-06,0.024832426718700198
bare silicon all_p01_r0041,32,40,164,172,1.0,2.578899841610601e-06,0.025400767812706355
bare silicon all_p01_r0042,32,40,168,176,1.0,2.595800273221676e-06,0.02576678312691395
bare silicon all_p01_r0043,32,40,172,180,1.0,1.3795677899409193e-05,0.027405467162966445
bare silicon all_p01_r0044,32,40,176,184,0.859375,0.0005924690019042798,0.041224094694060354
bare silicon all_p01_r0045,36,44,140,148,0.984375,0.00011611546938524562,0.028578779211808767
bare silicon all_p01_r0046,36,44,144,152,1.0,2.227155714313525e-06,0.02558983814111171
bare silicon all_p01_r0047,36,44,148,156,1.0,1.6845725709579965e-06,0.02504539482100824
bare silicon all_p01_r0048,36,44,152,160,1.0,1.7570139340320473e-06,0.024648936078695418
bare silicon all_p01_r0049,36,44,156,164,1.0,1.709887338941163e-06,0.02443213004638713
bare silicon all_p01_r0050,36,44,160,168,1.0,1.6621188387207097e-06,0.024493131635411232
bare silicon all_p01_r0051,36,44,164,172,1.0,1.6924177038751356e-06,0.024789464608345916
bare silicon all_p01_r0052,36,44,168,176,1.0,1.9083743866141542e-06,0.02527411340380919
bare silicon all_p01_r0053,36,44,172,180,1.0,6.474359489835951e-06,0.026634452701931956
bare silicon all_p01_r0054,36,44,176,184,0.9375,0.0004734636273034354,0.0389100430399313
bare silicon all_p01_r0055,40,48,136,144,0.9375,0.00025488841919023666,0.031283164149392105
bare silicon all_p01_r0056,40,48,140,148,1.0,3.6650801680238096e-06,0.02615667107453446
bare silicon all_p01_r0057,40,48,144,152,1.0,2.3878789436626207e-06,0.025111662109034216
bare silicon all_p01_r0058,40,48,148,156,1.0,1.962057468884917e-06,0.02454717921708581
bare silicon all_p01_r0059,40,48,152,160,1.0,1.8228659953767045e-06,0.02419671313816619
bare silicon all_p01_r0060,40,48,156,164,1.0,1.7088614643074783e-06,0.023981583775932035
bare silicon all_p01_r0061,40,48,160,168,1.0,1.726386921129659e-06,0.02395850858186807
bare silicon all_p01_r0062,40,48,164,172,1.0,1.972843350052256e-06,0.02422289800741723
bare silicon all_p01_r0063,40,48,168,176,1.0,2.1960513131649918e-06,0.024743973499571137
bare silicon all_p01_r0064,40,48,172,180,1.0,4.446716630954923e-06,0.025894358690178077
bare silicon all_p01_r0065,40,48,176,184,1.0,0.000408613994423359,0.03688352356325108
bare silicon all_p01_r0066,44,52,136,144,1.0,1.96052135073903e-05,0.026888064358993033
bare silicon all_p01_r0067,44,52,140,148,1.0,3.2797026196404594e-06,0.025608770472433286
bare silicon all_p01_r0068,44,52,144,152,1.0,2.372133839970367e-06,0.0245886569714
bare silicon all_p01_r0069,44,52,148,156,1.0,1.8652419851612008e-06,0.023978358226280895
bare silicon all_p01_r0070,44,52,152,160,1.0,1.9004996486859265e-06,0.023643225817425582
bare silicon all_p01_r0071,44,52,156,164,1.0,1.7736023891201217e-06,0.023423310789427904
bare silicon all_p01_r0072,44,52,160,168,1.0,1.6372240056100921e-06,0.023358120204691978
bare silicon all_p01_r0073,44,52,164,172,1.0,1.9046965337865999e-06,0.023607670965048417
bare silicon all_p01_r0074,44,52,168,176,1.0,2.1656168197415737e-06,0.024101837971916968
bare silicon all_p01_r0075,44,52,172,180,1.0,3.6758752855445666e-06,0.025113597719192204
bare silicon all_p01_r0076,44,52,176,184,1.0,0.00020832897538732012,0.03285955874748914
bare silicon all_p01_r0077,48,56,132,140,0.984375,8.224951876919361e-05,0.027868303455784522
bare silicon all_p01_r0078,48,56,136,144,1.0,2.7683820089089523e-06,0.025467289537495663
bare silicon all_p01_r0079,48,56,140,148,1.0,2.936526434169777e-06,0.02474848832283001
bare silicon all_p01_r0080,48,56,144,152,1.0,2.3675978092329082e-06,0.023962614335415015
bare silicon all_p01_r0081,48,56,148,156,1.0,1.946655580709565e-06,0.023470653385222365
bare silicon all_p01_r0082,48,56,152,160,1.0,1.7898850018923675e-06,0.02310283400410319
bare silicon all_p01_r0083,48,56,156,164,1.0,1.763630546054813e-06,0.02283833931714069
bare silicon all_p01_r0084,48,56,160,168,1.0,1.678398490734198e-06,0.022794632260885867
bare silicon all_p01_r0085,48,56,164,172,1.0,1.947333490954343e-06,0.02305640878413955
bare silicon all_p01_r0086,48,56,168,176,1.0,2.132876463557082e-06,0.02353479064871944
bare silicon all_p01_r0087,48,56,172,180,1.0,3.2036871473087367e-06,0.024440385773741833
bare silicon all_p01_r0088,48,56,176,184,1.0,0.00010928612827888294,0.03009811904164066
bare silicon all_p01_r0089,52,60,128,136,0.953125,0.00026715739257213356,0.030815490534234907
bare silicon all_p01_r0090,52,60,132,140,1.0,3.032862572064772e-06,0.02561093225744616
bare silicon all_p01_r0091,52,60,136,144,1.0,2.194793672853161e-06,0.024701588758090805
bare silicon all_p01_r0092,52,60,140,148,1.0,1.982043709573893e-06,0.023982864845555844
bare silicon all_p01_r0093,52,60,144,152,1.0,1.951320537772359e-06,0.023374574620863443
bare silicon all_p01_r0094,52,60,148,156,1.0,1.933982454573932e-06,0.022971752944745787
bare silicon all_p01_r0095,52,60,152,160,1.0,1.770367223166106e-06,0.02261368187334045
bare silicon all_p01_r0096,52,60,156,164,1.0,1.627825191083506e-06,0.02233522245439836
bare silicon all_p01_r0097,52,60,160,168,1.0,1.5855066657808132e-06,0.022303767598557053
bare silicon all_p01_r0098,52,60,164,172,1.0,1.7672487136658255e-06,0.022544189959649467
bare silicon all_p01_r0099,52,60,168,176,1.0,2.1719180006860746e-06,0.02301079714999511
bare silicon all_p01_r0100,52,60,172,180,1.0,2.9414713674130037e-06,0.023887511572675203
bare silicon all_p01_r0101,52,60,176,184,1.0,6.331851164918527e-05,0.02831150346268896
bare silicon all_p01_r0102,56,64,124,132,0.875,0.0004160505796360658,0.03397121792277589
bare silicon all_p01_r0103,56,64,128,136,1.0,1.2497385941496466e-05,0.026299542350027152
bare silicon all_p01_r0104,56,64,132,140,1.0,2.289937971121464e-06,0.024984976424152327
bare silicon all_p01_r0105,56,64,136,144,1.0,2.081877832062688e-06,0.024255658774621998
bare silicon all_p01_r0106,56,64,140,148,1.0,2.018314456726673e-06,0.02356846556742489
bare silicon all_p01_r0107,56,64,144,152,1.0,1.8643966186251233e-06,0.022979813257180317
bare silicon all_p01_r0108,56,64,148,156,1.0,1.924184821949932e-06,0.022560368224516292
bare silicon all_p01_r0109,56,64,152,160,1.0,1.8428738230861977e-06,0.02220605397231841
bare silicon all_p01_r0110,56,64,156,164,1.0,1.7089593873928196e-06,0.02196086725388268
bare silicon all_p01_r0111,56,64,160,168,1.0,1.6910371128008827e-06,0.021941243491085782
bare silicon all_p01_r0112,56,64,164,172,1.0,1.6982994993382163e-06,0.022167917754006533
bare silicon all_p01_r0113,56,64,168,176,1.0,1.8174912318997898e-06,0.022597389263774612
bare silicon all_p01_r0114,56,64,172,180,1.0,2.7074426070041617e-06,0.02347359778519239
bare silicon all_p01_r0115,56,64,176,184,1.0,4.531236760722705e-05,0.02731927177396269
bare silicon all_p01_r0116,60,68,124,132,1.0,0.00015139965284648787,0.0290681020041029
bare silicon all_p01_r0117,60,68,128,136,1.0,2.428150326768943e-06,0.025590944554031082
bare silicon all_p01_r0118,60,68,132,140,1.0,2.2072731559907894e-06,0.024757710441791203
bare silicon all_p01_r0119,60,68,136,144,1.0,2.105710184950059e-06,0.024105120191424814
bare silicon all_p01_r0120,60,68,140,148,1.0,2.1094361990062297e-06,0.02345769279764694
bare silicon all_p01_r0121,60,68,144,152,1.0,2.0138933669586844e-06,0.022899430022401603
bare silicon all_p01_r0122,60,68,148,156,1.0,1.8881186496523733e-06,0.022439210631881316
bare silicon all_p01_r0123,60,68,152,160,1.0,1.7187241656138279e-06,0.02205424198576794
bare silicon all_p01_r0124,60,68,156,164,1.0,1.6597363760374668e-06,0.021823667323881184
bare silicon all_p01_r0125,60,68,160,168,1.0,1.6690670113587745e-06,0.021792919685384972
bare silicon all_p01_r0126,60,68,164,172,1.0,1.7354154202583529e-06,0.022037126244271902
bare silicon all_p01_r0127,60,68,168,176,1.0,1.8136429177828857e-06,0.022475257888277117
bare silicon all_p01_r0128,60,68,172,180,1.0,2.705006554844156e-06,0.023346921217067978
bare silicon all_p01_r0129,60,68,176,184,1.0,3.7838601188883065e-05,0.02693964064543203
bare silicon all_p01_r0130,64,72,120,128,0.953125,0.00021194071538126576,0.030796291618163423
bare silicon all_p01_r0131,64,72,124,132,1.0,3.3896828441784617e-06,0.02619149294046661
bare silicon all_p01_r0132,64,72,128,136,1.0,2.4851213815983077e-06,0.025183688340118568
bare silicon all_p01_r0133,64,72,132,140,1.0,2.535725702572159e-06,0.024443131155141923
bare silicon all_p01_r0134,64,72,136,144,1.0,2.252811943472357e-06,0.023818705235415034
bare silicon all_p01_r0135,64,72,140,148,1.0,2.3553967313009076e-06,0.023219424527424315
bare silicon all_p01_r0136,64,72,144,152,1.0,2.2318296273575563e-06,0.02266563630701682
bare silicon all_p01_r0137,64,72,148,156,1.0,2.021568528162441e-06,0.02221460610539069
bare silicon all_p01_r0138,64,72,152,160,1.0,1.854215669111397e-06,0.02184486143612315
bare silicon all_p01_r0139,64,72,156,164,1.0,1.693644330053399e-06,0.021625893090483742
bare silicon all_p01_r0140,64,72,160,168,1.0,1.7384116541552765e-06,0.02155648891647108
bare silicon all_p01_r0141,64,72,164,172,1.0,1.8266743075003518e-06,0.0217489268136168
bare silicon all_p01_r0142,64,72,168,176,1.0,1.994982578271946e-06,0.022225060557680993
bare silicon all_p01_r0143,64,72,172,180,1.0,2.9197225159078023e-06,0.023125132679648837
bare silicon all_p01_r0144,64,72,176,184,1.0,3.57683275618736e-05,0.0266320091634408
bare silicon all_p01_r0145,68,76,116,124,0.890625,0.0004205522917999487,0.034168037690039406
bare silicon all_p01_r0146,68,76,120,128,1.0,1.0591202757066559e-05,0.026634892417720005
bare silicon all_p01_r0147,68,76,124,132,1.0,2.521263926386901e-06,0.025308534645642974
bare silicon all_p01_r0148,68,76,128,136,1.0,2.184278396903307e-06,0.024507128734001474
bare silicon all_p01_r0149,68,76,132,140,1.0,2.257659641100806e-06,0.023795535245932253
bare silicon all_p01_r0150,68,76,136,144,1.0,1.9992488333349095e-06,0.023204159383260342
bare silicon all_p01_r0151,68,76,140,148,1.0,2.285984396820232e-06,0.022642424217066213
bare silicon all_p01_r0152,68,76,144,152,1.0,2.0664432615842494e-06,0.02207445570856784
bare silicon all_p01_r0153,68,76,148,156,1.0,1.7101777509522134e-06,0.02167033362382865
bare silicon all_p01_r0154,68,76,152,160,1.0,1.6583325623622184e-06,0.021364486159007493
bare silicon all_p01_r0155,68,76,156,164,1.0,1.5733851902222834e-06,0.02117961663766106
bare silicon all_p01_r0156,68,76,160,168,1.0,1.5859548206072762e-06,0.021141299516909625
bare silicon all_p01_r0157,68,76,164,172,1.0,1.5137152337613248e-06,0.02130192168543721
bare silicon all_p01_r0158,68,76,168,176,1.0,1.9864553822825707e-06,0.021763229000698818
bare silicon all_p01_r0159,68,76,172,180,1.0,2.9398019694038798e-06,0.02272926298353504
bare silicon all_p01_r0160,68,76,176,184,1.0,3.653045558874112e-05,0.02632588937612533
bare silicon all_p01_r0161,72,80,116,124,1.0,0.00012464219076959026,0.028467239034214505
bare silicon all_p01_r0162,72,80,120,128,1.0,2.572568998298263e-06,0.025423592627875694
bare silicon all_p01_r0163,72,80,124,132,1.0,2.442460072620803e-06,0.024567483340772172
bare silicon all_p01_r0164,72,80,128,136,1.0,2.2117555146873083e-06,0.023832638694307965
bare silicon all_p01_r0165,72,80,132,140,1.0,1.8926693550129029e-06,0.023176794595078244
bare silicon all_p01_r0166,72,80,136,144,1.0,1.81834703502977e-06,0.022631291997595067
bare silicon all_p01_r0167,72,80,140,148,1.0,1.9444219008405576e-06,0.02208826926975124
bare silicon all_p01_r0168,72,80,144,152,1.0,1.714633226920948e-06,0.02154570031397875
bare silicon all_p01_r0169,72,80,148,156,1.0,1.6569176488360643e-06,0.02116386489348267
bare silicon all_p01_r0170,72,80,152,160,1.0,1.720575118857188e-06,0.020897301686572584
bare silicon all_p01_r0171,72,80,156,164,1.0,1.6745433105068734e-06,0.020743353802181765
bare silicon all_p01_r0172,72,80,160,168,1.0,1.6011132650367267e-06,0.020803730619900533
bare silicon all_p01_r0173,72,80,164,172,1.0,1.5312380324515242e-06,0.021009743567237334
bare silicon all_p01_r0174,72,80,168,176,1.0,1.951607006556414e-06,0.021450722456132734
bare silicon all_p01_r0175,72,80,172,180,1.0,3.0555527504601053e-06,0.022493301868655523
bare silicon all_p01_r0176,72,80,176,184,1.0,4.3087356639088585e-05,0.026369162990034417
bare silicon all_p01_r0177,76,84,112,120,0.96875,0.00029983218883360314,0.031140252023874028
bare silicon all_p01_r0178,76,84,116,124,1.0,2.980718145038865e-06,0.02568051260815877
bare silicon all_p01_r0179,76,84,120,128,1.0,2.2525253368554715e-06,0.024633168031694717
bare silicon all_p01_r0180,76,84,124,132,1.0,2.265769856441162e-06,0.02384261995865332
bare silicon all_p01_r0181,76,84,128,136,1.0,2.0921263659342994e-06,0.02318333115969913
bare silicon all_p01_r0182,76,84,132,140,1.0,1.6927514774942437e-06,0.022601245911253218
bare silicon all_p01_r0183,76,84,136,144,1.0,1.681413432091874e-06,0.022099841088362174
bare silicon all_p01_r0184,76,84,140,148,1.0,1.7547144825240687e-06,0.021585154446853747
bare silicon all_p01_r0185,76,84,144,152,1.0,1.627676634053031e-06,0.021081856532391707
bare silicon all_p01_r0186,76,84,148,156,1.0,1.668880767626893e-06,0.020727774988020895
bare silicon all_p01_r0187,76,84,152,160,1.0,1.6450871576907067e-06,0.02048448712632361
bare silicon all_p01_r0188,76,84,156,164,1.0,1.5394488373866011e-06,0.02039363737131948
bare silicon all_p01_r0189,76,84,160,168,1.0,1.5244125575173545e-06,0.020556976430842783
bare silicon all_p01_r0190,76,84,164,172,1.0,1.5562498262886177e-06,0.020841240802547824
bare silicon all_p01_r0191,76,84,168,176,1.0,1.8005752928158966e-06,0.02131166512586971
bare silicon all_p01_r0192,76,84,172,180,1.0,2.9842674676897874e-06,0.022357979330391634
bare silicon all_p01_r0193,76,84,176,184,1.0,5.996354495336268e-05,0.02684154183372457
bare silicon all_p01_r0194,80,88,108,116,0.890625,0.00037248917820098846,0.033182343775198096
bare silicon all_p01_r0195,80,88,112,120,1.0,8.792238055929629e-06,0.02626760564903958
bare silicon all_p01_r0196,80,88,116,124,1.0,2.4763145657578413e-06,0.024906398878535376
bare silicon all_p01_r0197,80,88,120,128,1.0,2.159868116007542e-06,0.024021634066701523
bare silicon all_p01_r0198,80,88,124,132,1.0,1.8992154120997387e-06,0.02326226227846036
bare silicon all_p01_r0199,80,88,128,136,1.0,1.936235167801598e-06,0.022649834658070803
bare silicon all_p01_r0200,80,88,132,140,1.0,1.7520628351626474e-06,0.022117778020933065
bare silicon all_p01_r0201,80,88,136,144,1.0,1.663612000410797e-06,0.0216364317738022
bare silicon all_p01_r0202,80,88,140,148,1.0,1.7821604221730932e-06,0.021140534688175734
bare silicon all_p01_r0203,80,88,144,152,1.0,1.7347546092525919e-06,0.020689899336955614
bare silicon all_p01_r0204,80,88,148,156,1.0,1.6303387046102964e-06,0.020392589726946207
bare silicon all_p01_r0205,80,88,152,160,1.0,1.6182128997583466e-06,0.020237310286791363
bare silicon all_p01_r0206,80,88,156,164,1.0,1.4306603629524465e-06,0.02025866320664324
bare silicon all_p01_r0207,80,88,160,168,1.0,1.4362870188175234e-06,0.02046044477853314
bare silicon all_p01_r0208,80,88,164,172,1.0,1.5981636953368785e-06,0.020809895839995166
bare silicon all_p01_r0209,80,88,168,176,1.0,1.7277754699688749e-06,0.021357685359134234
bare silicon all_p01_r0210,80,88,172,180,1.0,3.0335831625150343e-06,0.022411992761934296
bare silicon all_p01_r0211,80,88,176,184,1.0,9.196359969380128e-05,0.027817312424176503
bare silicon all_p01_r0212,84,92,108,116,1.0,9.396233122903902e-05,0.02787610962998117
bare silicon all_p01_r0213,84,92,112,120,1.0,2.775700721778095e-06,0.02519602073471526
bare silicon all_p01_r0214,84,92,116,124,1.0,2.339786808277113e-06,0.02424911899717505
bare silicon all_p01_r0215,84,92,120,128,1.0,2.003242553099199e-06,0.023467904561921955
bare silicon all_p01_r0216,84,92,124,132,1.0,1.8809450835182177e-06,0.02277460255197
bare silicon all_p01_r0217,84,92,128,136,1.0,1.8120718082012211e-06,0.022179447102617312
bare silicon all_p01_r0218,84,92,132,140,1.0,1.7310375234477652e-06,0.021683019308200203
bare silicon all_p01_r0219,84,92,136,144,1.0,1.7509011555788313e-06,0.021253572049647562
bare silicon all_p01_r0220,84,92,140,148,1.0,1.7117142072308212e-06,0.020800634636580006
bare silicon all_p01_r0221,84,92,144,152,1.0,1.6692121994845267e-06,0.02039294424112267
bare silicon all_p01_r0222,84,92,148,156,1.0,1.58454922419073e-06,0.020162835101696447
bare silicon all_p01_r0223,84,92,152,160,1.0,1.650055359657213e-06,0.02012465596261826
bare silicon all_p01_r0224,84,92,156,164,1.0,1.5098930839079367e-06,0.02026325501914652
bare silicon all_p01_r0225,84,92,160,168,1.0,1.3497749564240287e-06,0.020531167337217004
bare silicon all_p01_r0226,84,92,164,172,1.0,1.697019985261257e-06,0.020999035748023212
bare silicon all_p01_r0227,84,92,168,176,1.0,1.817386112405674e-06,0.02164131409375806
bare silicon all_p01_r0228,84,92,172,180,1.0,2.9626884412523984e-06,0.02265588348305092
bare silicon all_p01_r0229,84,92,176,184,1.0,0.0001535071074627387,0.029407468367829176
bare silicon all_p01_r0230,88,96,104,112,0.96875,0.00021307983953702413,0.02981899733179961
bare silicon all_p01_r0231,88,96,108,116,1.0,2.5401605304383154e-06,0.025452697270773032
bare silicon all_p01_r0232,88,96,112,120,1.0,2.299004337667992e-06,0.024496051067872903
bare silicon all_p01_r0233,88,96,116,124,1.0,2.2659397048998804e-06,0.023631833064411804
bare silicon all_p01_r0234,88,96,120,128,1.0,1.8863603434058538e-06,0.022920059163796688
bare silicon all_p01_r0235,88,96,124,132,1.0,1.7632360507416132e-06,0.022310845547176588
bare silicon all_p01_r0236,88,96,128,136,1.0,1.6127550540107625e-06,0.0217699999424637
bare silicon all_p01_r0237,88,96,132,140,1.0,1.6275269689481014e-06,0.02130088217790839
bare silicon all_p01_r0238,88,96,136,144,1.0,1.7622484119948434e-06,0.02089210164348042
bare silicon all_p01_r0239,88,96,140,148,1.0,1.7067739728709986e-06,0.020489637953839557
bare silicon all_p01_r0240,88,96,144,152,1.0,1.550732749564194e-06,0.020147771529546197
bare silicon all_p01_r0241,88,96,148,156,1.0,1.5082698257374495e-06,0.020013472933667877
bare silicon all_p01_r0242,88,96,152,160,1.0,1.557183827076375e-06,0.020070716169103074
bare silicon all_p01_r0243,88,96,156,164,1.0,1.6031915362764198e-06,0.02029078093180816
bare silicon all_p01_r0244,88,96,160,168,1.0,1.4057802179036764e-06,0.020660572892206533
bare silicon all_p01_r0245,88,96,164,172,1.0,1.6951730504119352e-06,0.02126809870676104
bare silicon all_p01_r0246,88,96,168,176,1.0,1.77290707452728e-06,0.021941413177144233
bare silicon all_p01_r0247,88,96,172,180,1.0,3.160520096896664e-06,0.02294525091528336
bare silicon all_p01_r0248,88,96,176,184,1.0,0.0002852543553287209,0.03205596724859216
bare silicon all_p01_r0249,92,100,100,108,0.890625,0.00027685315138254254,0.031596547282798045
bare silicon all_p01_r0250,92,100,104,112,1.0,5.370873825872226e-06,0.025800551066284115
bare silicon all_p01_r0251,92,100,108,116,1.0,2.4727105451225683e-06,0.02472835547887819
bare silicon all_p01_r0252,92,100,112,120,1.0,2.2694309211961314e-06,0.023903161050198296
bare silicon all_p01_r0253,92,100,116,124,1.0,1.9568938904840687e-06,0.023111734074001907
bare silicon all_p01_r0254,92,100,120,128,1.0,1.944381733182703e-06,0.022450809918819314
bare silicon all_p01_r0255,92,100,124,132,1.0,1.7844090330566325e-06,0.021885444287090938
bare silicon all_p01_r0256,92,100,128,136,1.0,1.4576896372415397e-06,0.02139882007676989
bare silicon all_p01_r0257,92,100,132,140,1.0,1.5722170388527218e-06,0.020965598205306975
bare silicon all_p01_r0258,92,100,136,144,1.0,1.6884897134065816e-06,0.020550849970086837
bare silicon all_p01_r0259,92,100,140,148,1.0,1.6627206202275965e-06,0.02017611211969524
bare silicon all_p01_r0260,92,100,144,152,1.0,1.5047344533487852e-06,0.019944982983854356
bare silicon all_p01_r0261,92,100,148,156,1.0,1.51112309110447e-06,0.019920729265962833
bare silicon all_p01_r0262,92,100,152,160,1.0,1.448222282045569e-06,0.02005149141085091
bare silicon all_p01_r0263,92,100,156,164,1.0,1.5660183827106258e-06,0.020335733708570353
bare silicon all_p01_r0264,92,100,160,168,1.0,1.6008978119594448e-06,0.020787845599440184
bare silicon all_p01_r0265,92,100,164,172,1.0,1.6034797174291255e-06,0.021418060350314044
bare silicon all_p01_r0266,92,100,168,176,1.0,1.953137931647935e-06,0.022114475478320742
bare silicon all_p01_r0267,92,100,172,180,1.0,4.429625868179604e-06,0.02333047791579909
bare silicon all_p01_r0268,92,100,176,184,1.0,0.0005624011448493118,0.036441857241327834
bare silicon all_p01_r0269,96,104,100,108,1.0,7.110955725895533e-05,0.027287423454462598
bare silicon all_p01_r0270,96,104,104,112,1.0,2.2967388017846265e-06,0.024983391791611617
bare silicon all_p01_r0271,96,104,108,116,1.0,2.264722265075609e-06,0.02417699903701853
bare silicon all_p01_r0272,96,104,112,120,1.0,1.9919147318535285e-06,0.02340376967879563
bare silicon all_p01_r0273,96,104,116,124,1.0,1.853167159273964e-06,0.022690731461653672
bare silicon all_p01_r0274,96,104,120,128,1.0,1.907846060287316e-06,0.022055501846324935
bare silicon all_p01_r0275,96,104,124,132,1.0,1.6343149786230197e-06,0.021512577971218364
bare silicon all_p01_r0276,96,104,128,136,1.0,1.4331968705176205e-06,0.021058521324492575
bare silicon all_p01_r0277,96,104,132,140,1.0,1.4419519428338845e-06,0.020667875598434717
bare silicon all_p01_r0278,96,104,136,144,1.0,1.5674819172084529e-06,0.020289723312708403
bare silicon all_p01_r0279,96,104,140,148,1.0,1.6345073232468167e-06,0.019979655010794524
bare silicon all_p01_r0280,96,104,144,152,1.0,1.593446336670537e-06,0.019872990496232066
bare silicon all_p01_r0281,96,104,148,156,1.0,1.5896842558170348e-06,0.01996423883423547
bare silicon all_p01_r0282,96,104,152,160,1.0,1.5006664302708475e-06,0.02015524638653329
bare silicon all_p01_r0283,96,104,156,164,1.0,1.6451241164193666e-06,0.020508583246265668
bare silicon all_p01_r0284,96,104,160,168,1.0,1.6027308815110571e-06,0.02101475968654052
bare silicon all_p01_r0285,96,104,164,172,1.0,1.785042012513306e-06,0.02167970576551254
bare silicon all_p01_r0286,96,104,168,176,1.0,2.2275003505090287e-06,0.02245972482685691
bare silicon all_p01_r0287,96,104,172,180,1.0,8.103417655084888e-06,0.02406081978506231
bare silicon all_p01_r0288,96,104,176,184,0.9375,0.0006663570377270293,0.03904526310802395
bare silicon all_p01_r0289,100,108,96,104,0.96875,0.000177930900208794,0.02938556754923054
bare silicon all_p01_r0290,100,108,100,108,1.0,2.7382697734101008e-06,0.025370838185244753
bare silicon all_p01_r0291,100,108,104,112,1.0,2.172571389277125e-06,0.024466811415045055
bare silicon all_p01_r0292,100,108,108,116,1.0,2.0272187476702214e-06,0.0236721990971766
bare silicon all_p01_r0293,100,108,112,120,1.0,1.8227985902505487e-06,0.022936754630259758
bare silicon all_p01_r0294,100,108,116,124,1.0,1.7597777777642745e-06,0.02229434940585785
bare silicon all_p01_r0295,100,108,120,128,1.0,1.7405636675802948e-06,0.021747731290643425
bare silicon all_p01_r0296,100,108,124,132,1.0,1.6109859863333976e-06,0.021226192303927634
bare silicon all_p01_r0297,100,108,128,136,1.0,1.6265303494247911e-06,0.02076067004194812
bare silicon all_p01_r0298,100,108,132,140,1.0,1.7068924517493376e-06,0.020382819805101846
bare silicon all_p01_r0299,100,108,136,144,1.0,1.6536051035029446e-06,0.020067192005898123
bare silicon all_p01_r0300,100,108,140,148,1.0,1.651703003097547e-06,0.01990339674754428
bare silicon all_p01_r0301,100,108,144,152,1.0,1.6122597880474256e-06,0.019909081187237828
bare silicon all_p01_r0302,100,108,148,156,1.0,1.6985452246864487e-06,0.020059239803377
bare silicon all_p01_r0303,100,108,152,160,1.0,1.6280598421830937e-06,0.020316270482071762
bare silicon all_p01_r0304,100,108,156,164,1.0,1.6220818276334614e-06,0.020705779744537623
bare silicon all_p01_r0305,100,108,160,168,1.0,1.6465084408420276e-06,0.02124405042133574
bare silicon all_p01_r0306,100,108,164,172,1.0,1.9385181180903407e-06,0.022010035331025597
bare silicon all_p01_r0307,100,108,168,176,1.0,2.178727751538275e-06,0.02288382960245214
bare silicon all_p01_r0308,100,108,172,180,1.0,2.0575136929346373e-05,0.02532252260424227
bare silicon all_p01_r0309,104,112,92,100,0.90625,0.00033730657142945974,0.03236811368646458
bare silicon all_p01_r0310,104,112,96,104,1.0,5.464381069081864e-06,0.025813526812706055
bare silicon all_p01_r0311,104,112,100,108,1.0,2.327245374104835e-06,0.024694064348540982
bare silicon all_p01_r0312,104,112,104,112,1.0,2.064749333285376e-06,0.02392880979064812
bare silicon all_p01_r0313,104,112,108,116,1.0,1.9744476018472696e-06,0.023170370434533835
bare silicon all_p01_r0314,104,112,112,120,1.0,1.8748552114162505e-06,0.02246911694730615
bare silicon all_p01_r0315,104,112,116,124,1.0,1.6813391241896654e-06,0.02188608820775601
bare silicon all_p01_r0316,104,112,120,128,1.0,1.8575939191525232e-06,0.02139898837260178
bare silicon all_p01_r0317,104,112,124,132,1.0,1.696731841563578e-06,0.02091181860618463
bare silicon all_p01_r0318,104,112,128,136,1.0,1.660474392806218e-06,0.020500349198785683
bare silicon all_p01_r0319,104,112,132,140,1.0,1.7838784129333742e-06,0.02018561577688543
bare silicon all_p01_r0320,104,112,136,144,1.0,1.541165944571151e-06,0.019953656424194107
bare silicon all_p01_r0321,104,112,140,148,1.0,1.4632313530623528e-06,0.019875346226763083
bare silicon all_p01_r0322,104,112,144,152,1.0,1.465199855619318e-06,0.01993868329660753
bare silicon all_p01_r0323,104,112,148,156,1.0,1.457181768510677e-06,0.02013346863668602
bare silicon all_p01_r0324,104,112,152,160,1.0,1.596409205357743e-06,0.020460688620685338
bare silicon all_p01_r0325,104,112,156,164,1.0,1.6211525570667875e-06,0.02094399368656082
bare silicon all_p01_r0326,104,112,160,168,1.0,1.7097888745287487e-06,0.021540361033065104
bare silicon all_p01_r0327,104,112,164,172,1.0,2.3141368687171717e-06,0.02241619170911625
bare silicon all_p01_r0328,104,112,168,176,1.0,2.6168417467341477e-06,0.023469013443546002
bare silicon all_p01_r0329,104,112,172,180,1.0,8.867185981229075e-05,0.02801586817370135
bare silicon all_p01_r0330,108,116,92,100,1.0,5.816784375912057e-05,0.027188134384711682
bare silicon all_p01_r0331,108,116,96,104,1.0,2.4363370852262133e-06,0.024903873661845252
bare silicon all_p01_r0332,108,116,100,108,1.0,2.1182946663416275e-06,0.024052137311915363
bare silicon all_p01_r0333,108,116,104,112,1.0,1.886770061625876e-06,0.023394420418921532
bare silicon all_p01_r0334,108,116,108,116,1.0,2.088792611564449e-06,0.022731035719362337
bare silicon all_p01_r0335,108,116,112,120,1.0,2.0231324937235916e-06,0.022054846198399865
bare silicon all_p01_r0336,108,116,116,124,1.0,1.9125653910777873e-06,0.021448740271955393
bare silicon all_p01_r0337,108,116,120,128,1.0,1.6712718850784488e-06,0.020967333147765423
bare silicon all_p01_r0338,108,116,124,132,1.0,1.6876320990444385e-06,0.02070286026339741
bare silicon all_p01_r0339,108,116,128,136,1.0,1.7612532819910436e-06,0.02040575720919897
bare silicon all_p01_r0340,108,116,132,140,1.0,1.7476077702364046e-06,0.02006399295667918
bare silicon all_p01_r0341,108,116,136,144,1.0,1.5251330138392161e-06,0.01991767482856325
bare silicon all_p01_r0342,108,116,140,148,1.0,1.3367749927086595e-06,0.019877757024922036
bare silicon all_p01_r0343,108,116,144,152,1.0,1.531718395819361e-06,0.01997386276496031
bare silicon all_p01_r0344,108,116,148,156,1.0,1.6193134293150444e-06,0.020269126903540425
bare silicon all_p01_r0345,108,116,152,160,1.0,1.7118556307807938e-06,0.020691971088567147
bare silicon all_p01_r0346,108,116,156,164,1.0,5.67126600381236e-06,0.021797042658797745
bare silicon all_p01_r0347,108,116,160,168,1.0,6.417023847299405e-06,0.02271747453714518
bare silicon all_p01_r0348,108,116,164,172,1.0,3.4876928844011642e-06,0.023055348720183645
bare silicon all_p01_r0349,108,116,168,176,1.0,3.6768168329179992e-06,0.02409768103386091
bare silicon all_p01_r0350,108,116,172,180,0.984375,0.00028401772391730144,0.03280987073562102
bare silicon all_p01_r0351,112,120,88,96,0.984375,0.00026245714373822733,0.030169483367293706
bare silicon all_p01_r0352,112,120,92,100,1.0,3.005680924335001e-06,0.025207303620530575
bare silicon all_p01_r0353,112,120,96,104,1.0,1.9479756850243382e-06,0.02428532114117288
bare silicon all_p01_r0354,112,120,100,108,1.0,2.0174733967267426e-06,0.023571753335261646
bare silicon all_p01_r0355,112,120,104,112,1.0,2.0698096331352425e-06,0.022908411673331384
bare silicon all_p01_r0356,112,120,108,116,1.0,2.107234098658754e-06,0.0222724809837382
bare silicon all_p01_r0357,112,120,112,120,1.0,1.9713352787056373e-06,0.021641264213338837
bare silicon all_p01_r0358,112,120,116,124,1.0,1.8473855013642518e-06,0.021051664158691464
bare silicon all_p01_r0359,112,120,120,128,1.0,1.5916995231992306e-06,0.02058910036295071
bare silicon all_p01_r0360,112,120,124,132,1.0,1.739875122520473e-06,0.020382034465057628
bare silicon all_p01_r0361,112,120,128,136,1.0,1.8326743425130366e-06,0.02016941068556947
bare silicon all_p01_r0362,112,120,132,140,1.0,1.6264735300183854e-06,0.019910098992001732
bare silicon all_p01_r0363,112,120,136,144,1.0,1.409380124517107e-06,0.019886207048384858
bare silicon all_p01_r0364,112,120,140,148,1.0,1.2372806298387055e-06,0.01995608382991569
bare silicon all_p01_r0365,112,120,144,152,1.0,1.4609398616020424e-06,0.020096707427399958
bare silicon all_p01_r0366,112,120,148,156,1.0,1.7698573862020495e-06,0.020443496769397516
bare silicon all_p01_r0367,112,120,152,160,1.0,1.7986828188213943e-06,0.02092057961173938
bare silicon all_p01_r0368,112,120,156,164,1.0,6.183704320303165e-06,0.022225241018255956
bare silicon all_p01_r0369,112,120,160,168,1.0,6.272460581251059e-06,0.02329075242033947
bare silicon all_p01_r0370,112,120,164,172,1.0,2.875899717261873e-06,0.023473097202599012
bare silicon all_p01_r0371,112,120,168,176,1.0,8.58629750863667e-06,0.024903069462648055
bare silicon all_p01_r0372,112,120,172,180,0.890625,0.0004036962958707424,0.03636591029678632
bare silicon all_p01_r0373,116,124,84,92,0.921875,0.0003975220919887997,0.032808942359065965
bare silicon all_p01_r0374,116,124,88,96,1.0,5.394344660907492e-06,0.025618935224333342
bare silicon all_p01_r0375,116,124,92,100,1.0,2.5234306995209243e-06,0.024433433207517237
bare silicon all_p01_r0376,116,124,96,104,1.0,2.2884940391126027e-06,0.023662699295806427
bare silicon all_p01_r0377,116,124,100,108,1.0,2.1330462496622477e-06,0.023046993523537156
bare silicon all_p01_r0378,116,124,104,112,1.0,2.005755239525075e-06,0.022426071039305218
bare silicon all_p01_r0379,116,124,108,116,1.0,1.8755339283974655e-06,0.021792352209818084
bare silicon all_p01_r0380,116,124,112,120,1.0,1.6896837165864595e-06,0.02121063149169304
bare silicon all_p01_r0381,116,124,116,124,1.0,1.8177388265235335e-06,0.02066468176857085
bare silicon all_p01_r0382,116,124,120,128,1.0,1.6664897987721416e-06,0.020230924083054522
bare silicon all_p01_r0383,116,124,124,132,1.0,1.5427181012332506e-06,0.0199503429350721
bare silicon all_p01_r0384,116,124,128,136,1.0,1.5481449928395371e-06,0.019802869217718667
bare silicon all_p01_r0385,116,124,132,140,1.0,1.3651485096057155e-06,0.019793886809460988
bare silicon all_p01_r0386,116,124,136,144,1.0,1.3448492893197384e-06,0.019914675785647613
bare silicon all_p01_r0387,116,124,140,148,1.0,1.3639428503505139e-06,0.020056452009670465
bare silicon all_p01_r0388,116,124,144,152,1.0,1.4856035140699281e-06,0.020258482719233604
bare silicon all_p01_r0389,116,124,148,156,1.0,1.6301399347662267e-06,0.020634993480632517
bare silicon all_p01_r0390,116,124,152,160,1.0,1.7226250113235888e-06,0.02110931331653496
bare silicon all_p01_r0391,116,124,156,164,1.0,2.615394132838229e-06,0.0219083241011232
bare silicon all_p01_r0392,116,124,160,168,1.0,2.37158320929051e-06,0.02276027572553443
bare silicon all_p01_r0393,116,124,164,172,1.0,2.2718711760816047e-06,0.023599215458555336
bare silicon all_p01_r0394,116,124,168,176,1.0,4.571576681589385e-05,0.026879397102020336
bare silicon all_p01_r0395,120,128,84,92,1.0,5.068976120908698e-05,0.026865155109498093
bare silicon all_p01_r0396,120,128,88,96,1.0,2.111634333882943e-06,0.02469156948752125
bare silicon all_p01_r0397,120,128,92,100,1.0,2.141632063628302e-06,0.023847668905167988
bare silicon all_p01_r0398,120,128,96,104,1.0,2.0237585580539054e-06,0.023152577930657284
bare silicon all_p01_r0399,120,128,100,108,1.0,1.9203721858212455e-06,0.02266538862391602
bare silicon all_p01_r0400,120,128,104,112,1.0,1.9974773334177674e-06,0.02208199833557752
bare silicon all_p01_r0401,120,128,108,116,1.0,1.8265706127197835e-06,0.021409273596065127
bare silicon all_p01_r0402,120,128,112,120,1.0,1.737496207400597e-06,0.02086869891186258
bare silicon all_p01_r0403,120,128,116,124,1.0,1.6633785156510947e-06,0.02033239994841294
bare silicon all_p01_r0404,120,128,120,128,1.0,1.624643807727798e-06,0.01997176529430166
bare silicon all_p01_r0405,120,128,124,132,1.0,1.4764123257714125e-06,0.019773562073871577
bare silicon all_p01_r0406,120,128,128,136,1.0,1.4483412248290242e-06,0.019688817238475733
bare silicon all_p01_r0407,120,128,132,140,1.0,1.487911104597073e-06,0.019783101517730047
bare silicon all_p01_r0408,120,128,136,144,1.0,1.6359186243773035e-06,0.020005124483149152
bare silicon all_p01_r0409,120,128,140,148,1.0,1.613756196348644e-06,0.020241069472727274
bare silicon all_p01_r0410,120,128,144,152,1.0,1.731874755013103e-06,0.020509798499376848
bare silicon all_p01_r0411,120,128,148,156,1.0,1.8225604142286336e-06,0.02092922964832313
bare silicon all_p01_r0412,120,128,152,160,1.0,1.7581033482569775e-06,0.021427759572097718
bare silicon all_p01_r0413,120,128,156,164,1.0,1.8955948476755189e-06,0.022062966800988213
bare silicon all_p01_r0414,120,128,160,168,1.0,2.0645966297133932e-06,0.022896955683302
bare silicon all_p01_r0415,120,128,164,172,1.0,3.5618130893277004e-06,0.024111870631647006
bare silicon all_p01_r0416,120,128,168,176,0.984375,0.00023730893754040809,0.0315873387566188
bare silicon all_p01_r0417,124,132,80,88,0.984375,0.00024387252631572273,0.02982159510495703
bare silicon all_p01_r0418,124,132,84,92,1.0,2.8326415434443817e-06,0.025019500673819764
bare silicon all_p01_r0419,124,132,88,96,1.0,2.2513471300419743e-06,0.02398160210204869
bare silicon all_p01_r0420,124,132,92,100,1.0,2.1749912647407765e-06,0.023259956091300826
bare silicon all_p01_r0421,124,132,96,104,1.0,1.9933246253250268e-06,0.02266788544263233
bare silicon all_p01_r0422,124,132,100,108,1.0,2.122675056396417e-06,0.022205426467940013
bare silicon all_p01_r0423,124,132,104,112,1.0,2.122057466049458e-06,0.021641694086702815
bare silicon all_p01_r0424,124,132,108,116,1.0,2.027520760393164e-06,0.021023288454106275
bare silicon all_p01_r0425,124,132,112,120,1.0,1.938200634781908e-06,0.0204984532090234
bare silicon all_p01_r0426,124,132,116,124,1.0,1.6232231517668947e-06,0.02003304302639713
bare silicon all_p01_r0427,124,132,120,128,1.0,1.6042486947420907e-06,0.019767247055768707
bare silicon all_p01_r0428,124,132,124,132,1.0,1.3671863522244786e-06,0.019670157244818406
bare silicon all_p01_r0429,124,132,128,136,1.0,1.3643890434701954e-06,0.01971600440019647
bare silicon all_p01_r0430,124,132,132,140,1.0,1.616254646161108e-06,0.01988898573304965
bare silicon all_p01_r0431,124,132,136,144,1.0,1.706806967303665e-06,0.020141696453826678
bare silicon all_p01_r0432,124,132,140,148,1.0,1.6010863698054834e-06,0.020429908392948445
bare silicon all_p01_r0433,124,132,144,152,1.0,1.6400008889761267e-06,0.02076080216102425
bare silicon all_p01_r0434,124,132,148,156,1.0,1.682837681758034e-06,0.021220412478695858
bare silicon all_p01_r0435,124,132,152,160,1.0,1.6865665751448524e-06,0.021757033095736948
bare silicon all_p01_r0436,124,132,156,164,1.0,1.944387437616703e-06,0.022456475563593294
bare silicon all_p01_r0437,124,132,160,168,1.0,2.3552084787266755e-06,0.023437339218024055
bare silicon all_p01_r0438,124,132,164,172,1.0,1.0894359862299201e-05,0.025345469249941105
bare silicon all_p01_r0439,124,132,168,176,0.875,0.0003926230451745898,0.036211993707872224
bare silicon all_p01_r0440,128,136,76,84,0.921875,0.0003399752862942428,0.03184009925619117
bare silicon all_p01_r0441,128,136,80,88,1.0,5.165648090857486e-06,0.02550668140630849
bare silicon all_p01_r0442,128,136,84,92,1.0,2.634719522206586e-06,0.02427494831942258
bare silicon all_p01_r0443,128,136,88,96,1.0,2.1634346990041933e-06,0.023296389492107963
bare silicon all_p01_r0444,128,136,92,100,1.0,2.176056227179134e-06,0.02260767471464548
bare silicon all_p01_r0445,128,136,96,104,1.0,1.910032706756451e-06,0.022049088171749588
bare silicon all_p01_r0446,128,136,100,108,1.0,2.450269682105609e-06,0.021825746781987797
bare silicon all_p01_r0447,128,136,104,112,1.0,2.6978805201469946e-06,0.021426371955194992
bare silicon all_p01_r0448,128,136,108,116,1.0,1.9823319896807205e-06,0.020678344012238798
bare silicon all_p01_r0449,128,136,112,120,1.0,1.6546946593330241e-06,0.02009784774063018
bare silicon all_p01_r0450,128,136,116,124,1.0,1.5694653266941039e-06,0.01971186100736275
bare silicon all_p01_r0451,128,136,120,128,1.0,1.4851828571718875e-06,0.019549872830189302
bare silicon all_p01_r0452,128,136,124,132,1.0,1.2811251987975461e-06,0.019597133071967462
bare silicon all_p01_r0453,128,136,128,136,1.0,1.3642045347610633e-06,0.019761355255576766
bare silicon all_p01_r0454,128,136,132,140,1.0,1.5322054831495623e-06,0.01998046223039723
bare silicon all_p01_r0455,128,136,136,144,1.0,1.59415355099551e-06,0.020258325437770654
bare silicon all_p01_r0456,128,136,140,148,1.0,1.6627940515178987e-06,0.02056017101329566
bare silicon all_p01_r0457,128,136,144,152,1.0,1.6144315497419517e-06,0.02092514483669347
bare silicon all_p01_r0458,128,136,148,156,1.0,1.723736329405272e-06,0.021415567921534692
bare silicon all_p01_r0459,128,136,152,160,1.0,1.8593790064468827e-06,0.0220021216665168
bare silicon all_p01_r0460,128,136,156,164,1.0,2.138810429974912e-06,0.02280096264872098
bare silicon all_p01_r0461,128,136,160,168,1.0,3.2240072247656004e-06,0.024095155039819384
bare silicon all_p01_r0462,128,136,164,172,1.0,0.00011713150332520029,0.028936062328540152
bare silicon all_p01_r0463,132,140,76,84,1.0,3.7551942770871265e-05,0.0262712986577875
bare silicon all_p01_r0464,132,140,80,88,1.0,2.6648914033346927e-06,0.024466470691383132
bare silicon all_p01_r0465,132,140,84,92,1.0,2.526121978728874e-06,0.023543190390643308
bare silicon all_p01_r0466,132,140,88,96,1.0,2.074290538171603e-06,0.022721380917247777
bare silicon all_p01_r0467,132,140,92,100,1.0,1.929877025190429e-06,0.02211271992122409
bare silicon all_p01_r0468,132,140,96,104,1.0,1.8130449177713677e-06,0.021778349581804333
bare silicon all_p01_r0469,132,140,100,108,1.0,2.685480188321151e-06,0.02161454653302156
bare silicon all_p01_r0470,132,140,104,112,1.0,2.9542718201589174e-06,0.021033892425289795
bare silicon all_p01_r0471,132,140,108,116,1.0,1.997851548982788e-06,0.02027852139968145
bare silicon all_p01_r0472,132,140,112,120,1.0,1.6875701894569172e-06,0.019772441170271823
bare silicon all_p01_r0473,132,140,116,124,1.0,1.546166276600624e-06,0.019499618757816282
bare silicon all_p01_r0474,132,140,120,128,1.0,1.2941205208748628e-06,0.019451410020815702
bare silicon all_p01_r0475,132,140,124,132,1.0,1.259928205164164e-06,0.019569779804007984
bare silicon all_p01_r0476,132,140,128,136,1.0,1.4704321133295272e-06,0.019791895089498024
bare silicon all_p01_r0477,132,140,132,140,1.0,1.5148180810979618e-06,0.02006022301453314
bare silicon all_p01_r0478,132,140,136,144,1.0,1.6695559897948235e-06,0.020399418187458777
bare silicon all_p01_r0479,132,140,140,148,1.0,1.6192419764474019e-06,0.020744451021877264
bare silicon all_p01_r0480,132,140,144,152,1.0,1.62697961239633e-06,0.021104954591331472
bare silicon all_p01_r0481,132,140,148,156,1.0,1.8692941828618964e-06,0.021623290206343564
bare silicon all_p01_r0482,132,140,152,160,1.0,1.8541825871463485e-06,0.0222822658603366
bare silicon all_p01_r0483,132,140,156,164,1.0,2.167520031993056e-06,0.023163661342954958
bare silicon all_p01_r0484,132,140,160,168,1.0,6.796856119230639e-06,0.02493158896337908
bare silicon all_p01_r0485,132,140,164,172,0.921875,0.00029754827951052634,0.033933715093127294
bare silicon all_p01_r0486,136,144,72,80,0.984375,0.000154022105299335,0.028189137536577053
bare silicon all_p01_r0487,136,144,76,84,1.0,2.6088782979354133e-06,0.02452112197957936
bare silicon all_p01_r0488,136,144,80,88,1.0,2.0974578934655135e-06,0.02362294065581718
bare silicon all_p01_r0489,136,144,84,92,1.0,2.3021162901077654e-06,0.022780492900666166
bare silicon all_p01_r0490,136,144,88,96,1.0,2.013587179135242e-06,0.02210678916572144
bare silicon all_p01_r0491,136,144,92,100,1.0,2.0293736603403274e-06,0.021598751669092326
bare silicon all_p01_r0492,136,144,96,104,1.0,2.297557893883931e-06,0.021264403469038844
bare silicon all_p01_r0493,136,144,100,108,1.0,2.513139326340003e-06,0.02082731922707906
bare silicon all_p01_r0494,136,144,104,112,1.0,2.084646001463775e-06,0.020219856471481504
bare silicon all_p01_r0495,136,144,108,116,1.0,1.7236590843376446e-06,0.01978965616303842
bare silicon all_p01_r0496,136,144,112,120,1.0,1.5656846085022886e-06,0.01945625196889499
bare silicon all_p01_r0497,136,144,116,124,1.0,1.4535117994473967e-06,0.019358381445025035
bare silicon all_p01_r0498,136,144,120,128,1.0,1.3528798172754684e-06,0.019451881748439804
bare silicon all_p01_r0499,136,144,124,132,1.0,1.4288749487356544e-06,0.019577859038070335
bare silicon all_p01_r0500,136,144,128,136,1.0,1.5778171682807319e-06,0.019844460075212796
bare silicon all_p01_r0501,136,144,132,140,1.0,1.506841345105396e-06,0.020174046692949
bare silicon all_p01_r0502,136,144,136,144,1.0,1.5949646403983285e-06,0.020537773405417552
bare silicon all_p01_r0503,136,144,140,148,1.0,1.4235942172254155e-06,0.020899351093654418
bare silicon all_p01_r0504,136,144,144,152,1.0,1.6143737448162412e-06,0.0212875244350424
bare silicon all_p01_r0505,136,144,148,156,1.0,1.862441252298829e-06,0.02185507148991858
bare silicon all_p01_r0506,136,144,152,160,1.0,1.919417079353076e-06,0.022587620637843343
bare silicon all_p01_r0507,136,144,156,164,1.0,2.3570520455663464e-06,0.02362921598090823
bare silicon all_p01_r0508,136,144,160,168,1.0,8.825168273245715e-05,0.027652750560203204
bare silicon all_p01_r0509,140,148,68,76,0.921875,0.00026557400845749217,0.0302361220397404
bare silicon all_p01_r0510,140,148,72,80,1.0,4.209936563935513e-06,0.024638612083935217
bare silicon all_p01_r0511,140,148,76,84,1.0,2.483195804100801e-06,0.02362214939743483
bare silicon all_p01_r0512,140,148,80,88,1.0,2.5798178959001e-06,0.02285230874818397
bare silicon all_p01_r0513,140,148,84,92,1.0,2.3409569909813924e-06,0.022065388628127444
bare silicon all_p01_r0514,140,148,88,96,1.0,1.7470873850825294e-06,0.02142033473251276
bare silicon all_p01_r0515,140,148,92,100,1.0,2.0153629555861394e-06,0.02091050744335894
bare silicon all_p01_r0516,140,148,96,104,1.0,1.9958126878740677e-06,0.02040296369681466
bare silicon all_p01_r0517,140,148,100,108,1.0,1.853772437608672e-06,0.020000600083474335
bare silicon all_p01_r0518,140,148,104,112,1.0,1.8950786777191696e-06,0.019645384604024662
bare silicon all_p01_r0519,140,148,108,116,1.0,1.768477470707364e-06,0.0193214174231794
bare silicon all_p01_r0520,140,148,112,120,1.0,1.5016427448228989e-06,0.01911698793832762
bare silicon all_p01_r0521,140,148,116,124,1.0,1.4791194354593375e-06,0.019129903983945273
bare silicon all_p01_r0522,140,148,120,128,1.0,1.5736866019513502e-06,0.019322463100133944
bare silicon all_p01_r0523,140,148,124,132,1.0,1.616778736351171e-06,0.01950879099634779
bare silicon all_p01_r0524,140,148,128,136,1.0,1.6495447032842193e-06,0.019793267715791596
bare silicon all_p01_r0525,140,148,132,140,1.0,1.4861316807284748e-06,0.02014563709421047
bare silicon all_p01_r0526,140,148,136,144,1.0,1.5259793959616555e-06,0.02051831719167357
bare silicon all_p01_r0527,140,148,140,148,1.0,1.5066662342094236e-06,0.020913771391619613
bare silicon all_p01_r0528,140,148,144,152,1.0,1.6575752332484691e-06,0.02137401268402715
bare silicon all_p01_r0529,140,148,148,156,1.0,1.8486540006349884e-06,0.02197929716108735
bare silicon all_p01_r0530,140,148,152,160,1.0,2.234046807343337e-06,0.022757225405231153
bare silicon all_p01_r0531,140,148,156,164,1.0,5.627921630881348e-06,0.024256778446915414
bare silicon all_p01_r0532,140,148,160,168,0.921875,0.0002540097163342218,0.032294453381757404
bare silicon all_p01_r0533,144,152,68,76,1.0,3.243929964780272e-05,0.025361422089819972
bare silicon all_p01_r0534,144,152,72,80,1.0,2.6449075155155345e-06,0.023567092238496217
bare silicon all_p01_r0535,144,152,76,84,1.0,2.42673738356249e-06,0.022740084391509686
bare silicon all_p01_r0536,144,152,80,88,1.0,2.356994280420234e-06,0.02201876424899041
bare silicon all_p01_r0537,144,152,84,92,1.0,2.1237087832093292e-06,0.021329477104497726
bare silicon all_p01_r0538,144,152,88,96,1.0,1.8975032562466803e-06,0.02072540097365722
bare silicon all_p01_r0539,144,152,92,100,1.0,1.859854847796504e-06,0.02021384479363504
bare silicon all_p01_r0540,144,152,96,104,1.0,1.8185046059176597e-06,0.01974443326184786
bare silicon all_p01_r0541,144,152,100,108,1.0,1.8756088142895846e-06,0.019462753360249017
bare silicon all_p01_r0542,144,152,104,112,1.0,1.9049638166775014e-06,0.01919283345765851
bare silicon all_p01_r0543,144,152,108,116,1.0,1.6985418727933844e-06,0.018893937184549296
bare silicon all_p01_r0544,144,152,112,120,1.0,1.475284774066414e-06,0.018794330913639266
bare silicon all_p01_r0545,144,152,116,124,1.0,1.4354748451765619e-06,0.018857734249171434
bare silicon all_p01_r0546,144,152,120,128,1.0,1.5859459306688076e-06,0.019078602672118954
bare silicon all_p01_r0547,144,152,124,132,1.0,1.5992786491841367e-06,0.019319133561596393
bare silicon all_p01_r0548,144,152,128,136,1.0,1.756513256405138e-06,0.01961889943614015
bare silicon all_p01_r0549,144,152,132,140,1.0,1.5527549221427625e-06,0.020004010647991177
bare silicon all_p01_r0550,144,152,136,144,1.0,1.514123581410129e-06,0.020392454427340792
bare silicon all_p01_r0551,144,152,140,148,1.0,1.5825039634367719e-06,0.020825644429512194
bare silicon all_p01_r0552,144,152,144,152,1.0,1.8594181627552512e-06,0.021409975075548513
bare silicon all_p01_r0553,144,152,148,156,1.0,1.8625469116431978e-06,0.02202791377025083
bare silicon all_p01_r0554,144,152,152,160,1.0,2.5106263756255328e-06,0.02286623028912514
bare silicon all_p01_r0555,144,152,156,164,1.0,0.00011981275125375945,0.027297399234361624
bare silicon all_p01_r0556,148,156,64,72,0.984375,0.00017360618883652848,0.02751671437031637
bare silicon all_p01_r0557,148,156,68,76,1.0,3.2238184185491273e-06,0.023566165556985857
bare silicon all_p01_r0558,148,156,72,80,1.0,2.6063047252701574e-06,0.02266022679658036
bare silicon all_p01_r0559,148,156,76,84,1.0,2.4094359438716268e-06,0.021929899467866276
bare silicon all_p01_r0560,148,156,80,88,1.0,2.2722061099077835e-06,0.021263846120590384
bare silicon all_p01_r0561,148,156,84,92,1.0,2.141232236854036e-06,0.020640230892513767
bare silicon all_p01_r0562,148,156,88,96,1.0,1.9160590043552237e-06,0.020047610109696093
bare silicon all_p01_r0563,148,156,92,100,1.0,1.930987675526377e-06,0.01954588879430176
bare silicon all_p01_r0564,148,156,96,104,1.0,1.84606274449381e-06,0.019132926929014703
bare silicon all_p01_r0565,148,156,100,108,1.0,1.6711437660992495e-06,0.018920312056376898
bare silicon all_p01_r0566,148,156,104,112,1.0,1.8203693191067852e-06,0.018731176095766352
bare silicon all_p01_r0567,148,156,108,116,1.0,1.5851152772616871e-06,0.018539328197195466
bare silicon all_p01_r0568,148,156,112,120,1.0,1.4815193280865976e-06,0.018537004175003563
bare silicon all_p01_r0569,148,156,116,124,1.0,1.5048063393841176e-06,0.018640180648338833
bare silicon all_p01_r0570,148,156,120,128,1.0,1.4879989135512765e-06,0.01885357692402519
bare silicon all_p01_r0571,148,156,124,132,1.0,1.401530264671357e-06,0.019115050535028943
bare silicon all_p01_r0572,148,156,128,136,1.0,1.6310801589700877e-06,0.019442690987130817
bare silicon all_p01_r0573,148,156,132,140,1.0,1.6574646935706067e-06,0.019843849855622413
bare silicon all_p01_r0574,148,156,136,144,1.0,1.5043133343029803e-06,0.020233630574425922
bare silicon all_p01_r0575,148,156,140,148,1.0,1.498672075722964e-06,0.020652765954588315
bare silicon all_p01_r0576,148,156,144,152,1.0,1.8957656896396713e-06,0.021256103450043147
bare silicon all_p01_r0577,148,156,148,156,1.0,1.864706852678168e-06,0.02197255682312219
bare silicon all_p01_r0578,148,156,152,160,1.0,1.0501433987406125e-05,0.02356790050220091
bare silicon all_p01_r0579,148,156,156,164,0.890625,0.00028797548267141823,0.03214229006232251
bare silicon all_p01_r0580,152,160,60,68,0.9375,0.00037453374685130327,0.030489883247989243
bare silicon all_p01_r0581,152,160,64,72,1.0,4.45044124981172e-06,0.02367795671502456
bare silicon all_p01_r0582,152,160,68,76,1.0,2.755831996341763e-06,0.02255238050185923
bare silicon all_p01_r0583,152,160,72,80,1.0,2.5076143597037586e-06,0.02178006403711723
bare silicon all_p01_r0584,152,160,76,84,1.0,2.5714960777817093e-06,0.021125992484035228
bare silicon all_p01_r0585,152,160,80,88,1.0,2.0735056354143502e-06,0.020521971522954995
bare silicon all_p01_r0586,152,160,84,92,1.0,1.7998331652279097e-06,0.019970040785296274
bare silicon all_p01_r0587,152,160,88,96,1.0,1.8851004464948437e-06,0.019421583093506854
bare silicon all_p01_r0588,152,160,92,100,1.0,1.7518429573025303e-06,0.018943975701221426
bare silicon all_p01_r0589,152,160,96,104,1.0,1.7417630148551692e-06,0.018574568674718163
bare silicon all_p01_r0590,152,160,100,108,1.0,1.7003949583491205e-06,0.01836566983885725
bare silicon all_p01_r0591,152,160,104,112,1.0,1.5857181053756655e-06,0.018244892007118974
bare silicon all_p01_r0592,152,160,108,116,1.0,1.294783784880403e-06,0.01821759198583911
bare silicon all_p01_r0593,152,160,112,120,1.0,1.4435850218589581e-06,0.01830358860157592
bare silicon all_p01_r0594,152,160,116,124,1.0,1.504921353834519e-06,0.018414967408519764
bare silicon all_p01_r0595,152,160,120,128,1.0,1.3768678912348287e-06,0.018613790881583814
bare silicon all_p01_r0596,152,160,124,132,1.0,1.4374143665991384e-06,0.018882681761545204
bare silicon all_p01_r0597,152,160,128,136,1.0,1.5975830205866186e-06,0.019215006321369986
bare silicon all_p01_r0598,152,160,132,140,1.0,1.619264407133737e-06,0.019619691504156808
bare silicon all_p01_r0599,152,160,136,144,1.0,1.4018348233526074e-06,0.020013612678431845
bare silicon all_p01_r0600,152,160,140,148,1.0,1.6355197537960617e-06,0.02049832676277349
bare silicon all_p01_r0601,152,160,144,152,1.0,1.7513689755696304e-06,0.021106766661404926
bare silicon all_p01_r0602,152,160,148,156,1.0,3.0859136909023767e-06,0.022097115942988726
bare silicon all_p01_r0603,152,160,152,160,0.953125,8.914018629831624e-05,0.02650413102861627
bare silicon all_p01_r0604,156,164,60,68,1.0,3.015719954328309e-05,0.024730882820520238
bare silicon all_p01_r0605,156,164,64,72,1.0,2.706395649063532e-06,0.022625570167467777
bare silicon all_p01_r0606,156,164,68,76,1.0,2.2761726243439798e-06,0.021725889911214515
bare silicon all_p01_r0607,156,164,72,80,1.0,2.157690325519757e-06,0.021013890211712127
bare silicon all_p01_r0608,156,164,76,84,1.0,2.0354824415468512e-06,0.020411988553658295
bare silicon all_p01_r0609,156,164,80,88,1.0,1.7508856519060826e-06,0.019878002201179197
bare silicon all_p01_r0610,156,164,84,92,1.0,1.8074126496968393e-06,0.019365057859504726
bare silicon all_p01_r0611,156,164,88,96,1.0,1.8740689997617724e-06,0.018860470699083486
bare silicon all_p01_r0612,156,164,92,100,1.0,1.5843302409074768e-06,0.018433132962177384
bare silicon all_p01_r0613,156,164,96,104,1.0,1.5252426125413976e-06,0.01809120626018834
bare silicon all_p01_r0614,156,164,100,108,1.0,1.51232657416188e-06,0.017935312145458456
bare silicon all_p01_r0615,156,164,104,112,1.0,1.480318653501945e-06,0.017930860879591105
bare silicon all_p01_r0616,156,164,108,116,1.0,1.3538686698909934e-06,0.01799190883027209
bare silicon all_p01_r0617,156,164,112,120,1.0,1.3270167367549133e-06,0.018091927566065275
bare silicon all_p01_r0618,156,164,116,124,1.0,1.3520977089962576e-06,0.01821591027475639
bare silicon all_p01_r0619,156,164,120,128,1.0,1.2994158234733473e-06,0.0184237828590392
bare silicon all_p01_r0620,156,164,124,132,1.0,1.2874538879808333e-06,0.01868277245556032
bare silicon all_p01_r0621,156,164,128,136,1.0,1.3314899673782407e-06,0.01902068100059607
bare silicon all_p01_r0622,156,164,132,140,1.0,1.4373496850641514e-06,0.019431150012081008
bare silicon all_p01_r0623,156,164,136,144,1.0,1.3309253195588e-06,0.019816326275882333
bare silicon all_p01_r0624,156,164,140,148,1.0,1.7328289185438068e-06,0.02036240711352437
bare silicon all_p01_r0625,156,164,144,152,1.0,2.000932826161324e-06,0.021180947075222348
bare silicon all_p01_r0626,156,164,148,156,1.0,4.300845438059044e-05,0.023947337845302896
bare silicon all_p01_r0627,160,168,56,64,0.984375,0.00016272383249464986,0.026938375103293118
bare silicon all_p01_r0628,160,168,60,68,1.0,3.721895615833654e-06,0.023081577290691036
bare silicon all_p01_r0629,160,168,64,72,1.0,2.4368677799140866e-06,0.02186092832510816
bare silicon all_p01_r0630,160,168,68,76,1.0,2.0374799478781823e-06,0.02105304541350635
bare silicon all_p01_r0631,160,168,72,80,1.0,1.8684242683070468e-06,0.02041628386342416
bare silicon all_p01_r0632,160,168,76,84,1.0,1.9544474681017677e-06,0.019864459685512294
bare silicon all_p01_r0633,160,168,80,88,1.0,1.7369187638270676e-06,0.019360296884330642
bare silicon all_p01_r0634,160,168,84,92,1.0,1.7123124479693105e-06,0.018859423700684087
bare silicon all_p01_r0635,160,168,88,96,1.0,1.6691671069836997e-06,0.018407008766306743
bare silicon all_p01_r0636,160,168,92,100,1.0,1.5205573351511054e-06,0.01805471004205653
bare silicon all_p01_r0637,160,168,96,104,1.0,1.3566218945312786e-06,0.01778065383930103
bare silicon all_p01_r0638,160,168,100,108,1.0,1.3265736328907176e-06,0.01769717358566837
bare silicon all_p01_r0639,160,168,104,112,1.0,1.3752312275892786e-06,0.017766086575192856
bare silicon all_p01_r0640,160,168,108,116,1.0,1.2844932542647889e-06,0.01787826834660285
bare silicon all_p01_r0641,160,168,112,120,1.0,1.1026707690262993e-06,0.017968245330535777
bare silicon all_p01_r0642,160,168,116,124,1.0,1.2743310964350437e-06,0.018104274750448908
bare silicon all_p01_r0643,160,168,120,128,1.0,1.3002334616086523e-06,0.018345267325053368
bare silicon all_p01_r0644,160,168,124,132,1.0,1.2373476813640461e-06,0.018632060710574314
bare silicon all_p01_r0645,160,168,128,136,1.0,1.1726278502293452e-06,0.018980951856661425
bare silicon all_p01_r0646,160,168,132,140,1.0,1.2620630852972041e-06,0.019396513908631233
bare silicon all_p01_r0647,160,168,136,144,1.0,1.3599656954750994e-06,0.019834120372858498
bare silicon all_p01_r0648,160,168,140,148,1.0,1.7554973891449465e-06,0.02044127988660351
bare silicon all_p01_r0649,160,168,144,152,1.0,8.08913556695994e-06,0.021923456507265928
bare silicon all_p01_r0650,160,168,148,156,0.875,0.00010826498938409785,0.027176848146634784
bare silicon all_p01_r0651,164,172,52,60,0.9375,0.00033784638411520036,0.03014920892328091
bare silicon all_p01_r0652,164,172,56,64,1.0,3.926861473019842e-06,0.023691653804965365
bare silicon all_p01_r0653,164,172,60,68,1.0,2.34222886937496e-06,0.022194675281663082
bare silicon all_p01_r0654,164,172,64,72,1.0,1.9085191674704703e-06,0.02121840537926632
bare silicon all_p01_r0655,164,172,68,76,1.0,1.6959591855390668e-06,0.020554724662113145
bare silicon all_p01_r0656,164,172,72,80,1.0,1.7798779565841437e-06,0.019971903758436788
bare silicon all_p01_r0657,164,172,76,84,1.0,1.683534610341822e-06,0.01944079690982339
bare silicon all_p01_r0658,164,172,80,88,1.0,1.4356390391062693e-06,0.018961023325308888
bare silicon all_p01_r0659,164,172,84,92,1.0,1.4574692095796929e-06,0.01850951251259012
bare silicon all_p01_r0660,164,172,88,96,1.0,1.4385542678353785e-06,0.018123899437444236
bare silicon all_p01_r0661,164,172,92,100,1.0,1.4565172095868645e-06,0.017816213030223182
bare silicon all_p01_r0662,164,172,96,104,1.0,1.3977052298296398e-06,0.017623250155982144
bare silicon all_p01_r0663,164,172,100,108,1.0,1.2475018639376113e-06,0.017628567023008072
bare silicon all_p01_r0664,164,172,104,112,1.0,1.20769748195137e-06,0.017743132304237276
bare silicon all_p01_r0665,164,172,108,116,1.0,1.262597961248936e-06,0.017874830899592506
bare silicon all_p01_r0666,164,172,112,120,1.0,1.2020214704976967e-06,0.017997212159266612
bare silicon all_p01_r0667,164,172,116,124,1.0,1.282463316248011e-06,0.018164151883568947
bare silicon all_p01_r0668,164,172,120,128,1.0,1.2385010536235234e-06,0.018436194887879436
bare silicon all_p01_r0669,164,172,124,132,1.0,1.1893413983647604e-06,0.01876950548073176
bare silicon all_p01_r0670,164,172,128,136,1.0,1.392376787545815e-06,0.019165146633253114
bare silicon all_p01_r0671,164,172,132,140,1.0,1.401400004751315e-06,0.019629098959386304
bare silicon all_p01_r0672,164,172,136,144,1.0,2.118001095464431e-06,0.02028196918155649
bare silicon all_p01_r0673,164,172,140,148,1.0,5.184740365803739e-06,0.021520027352418723
bare silicon all_p01_r0674,164,172,144,152,0.9375,7.650069852517794e-05,0.02551309600603049
bare silicon all_p01_r0675,168,176,52,60,1.0,2.6860318572490555e-05,0.024650680089869967
bare silicon all_p01_r0676,168,176,56,64,1.0,3.5713377919829957e-06,0.02299850021967235
bare silicon all_p01_r0677,168,176,60,68,1.0,2.499184895768527e-06,0.021636248085468626
bare silicon all_p01_r0678,168,176,64,72,1.0,1.6970339788312532e-06,0.020728901960512264
bare silicon all_p01_r0679,168,176,68,76,1.0,1.7394221775523867e-06,0.020143504711165244
bare silicon all_p01_r0680,168,176,72,80,1.0,1.7244509346504915e-06,0.01960720998131895
bare silicon all_p01_r0681,168,176,76,84,1.0,1.6406806042703009e-06,0.0191277432440905
bare silicon all_p01_r0682,168,176,80,88,1.0,1.581810075988722e-06,0.0186907805913591
bare silicon all_p01_r0683,168,176,84,92,1.0,1.4531223691636134e-06,0.018269464729289232
bare silicon all_p01_r0684,168,176,88,96,1.0,1.4584415975528731e-06,0.017909113816014073
bare silicon all_p01_r0685,168,176,92,100,1.0,1.4337526563514754e-06,0.01766813902435789
bare silicon all_p01_r0686,168,176,96,104,1.0,1.395103982835882e-06,0.017593731960555192
bare silicon all_p01_r0687,168,176,100,108,1.0,1.283396621955481e-06,0.01768419238983184
bare silicon all_p01_r0688,168,176,104,112,1.0,1.1582477466992545e-06,0.01784180033687161
bare silicon all_p01_r0689,168,176,108,116,1.0,1.3575256245862928e-06,0.018021817053846742
bare silicon all_p01_r0690,168,176,112,120,1.0,1.3877876737363047e-06,0.018201493025020065
bare silicon all_p01_r0691,168,176,116,124,1.0,1.3678849209264956e-06,0.018402848373050947
bare silicon all_p01_r0692,168,176,120,128,1.0,1.3696605818355898e-06,0.01867438463979173
bare silicon all_p01_r0693,168,176,124,132,1.0,1.5174645380717329e-06,0.01904991862676835
bare silicon all_p01_r0694,168,176,128,136,1.0,1.7071713620524057e-06,0.019549036754806844
bare silicon all_p01_r0695,168,176,132,140,1.0,1.8659566597855487e-06,0.020123042101227003
bare silicon all_p01_r0696,168,176,136,144,1.0,3.3388675030213743e-06,0.02112152043558844
bare silicon all_p01_r0697,168,176,140,148,0.96875,4.1496858410683786e-05,0.02432963782978397
bare silicon all_p01_r0698,172,180,48,56,0.984375,0.00012803946208294985,0.026380456834852437
bare silicon all_p01_r0699,172,180,52,60,1.0,2.4337839347031257e-06,0.022857106936249306
bare silicon all_p01_r0700,172,180,56,64,1.0,2.4026829301401857e-06,0.02188997703520795
bare silicon all_p01_r0701,172,180,60,68,1.0,1.7757423526494338e-06,0.021001027444445305
bare silicon all_p01_r0702,172,180,64,72,1.0,1.6919673728588074e-06,0.020326673137080777
bare silicon all_p01_r0703,172,180,68,76,1.0,1.7414243161150665e-06,0.01975698443346638
bare silicon all_p01_r0704,172,180,72,80,1.0,1.7365959719940865e-06,0.01927630877481005
bare silicon all_p01_r0705,172,180,76,84,1.0,1.6920234116521376e-06,0.018852347042064736
bare silicon all_p01_r0706,172,180,80,88,1.0,1.6233094776603174e-06,0.01851978988785418
bare silicon all_p01_r0707,172,180,84,92,1.0,1.4111072103845917e-06,0.01813629937567583
bare silicon all_p01_r0708,172,180,88,96,1.0,1.3640754548354285e-06,0.017754080299690618
bare silicon all_p01_r0709,172,180,92,100,1.0,1.3691751999114914e-06,0.017627062011627316
bare silicon all_p01_r0710,172,180,96,104,1.0,1.310843403426011e-06,0.01768634859127697
bare silicon all_p01_r0711,172,180,100,108,1.0,1.297551755677135e-06,0.017828656607024762
bare silicon all_p01_r0712,172,180,104,112,1.0,1.2151316642835425e-06,0.018023651515229576
bare silicon all_p01_r0713,172,180,108,116,1.0,1.2965871950913405e-06,0.01825565169979492
bare silicon all_p01_r0714,172,180,112,120,1.0,1.4454227700438416e-06,0.01847886224878746
bare silicon all_p01_r0715,172,180,116,124,1.0,1.755411416782966e-06,0.018728583308544197
bare silicon all_p01_r0716,172,180,120,128,1.0,1.8900752230783757e-06,0.01903287487973919
bare silicon all_p01_r0717,172,180,124,132,1.0,1.9161826275990464e-06,0.019488828255933698
bare silicon all_p01_r0718,172,180,128,136,1.0,1.917772686821132e-06,0.020088303419163244
bare silicon all_p01_r0719,172,180,132,140,1.0,2.643552152441247e-06,0.020859050862547444
bare silicon all_p01_r0720,172,180,136,144,0.984375,2.4457285948344094e-05,0.023143620570444643
bare silicon all_p01_r0721,176,184,44,52,0.9375,0.00031112844185316786,0.029624476593146067
bare silicon all_p01_r0722,176,184,48,56,1.0,3.5839196161757434e-06,0.023409894311329477
bare silicon all_p01_r0723,176,184,52,60,1.0,1.954657276291659e-06,0.022209100798867495
bare silicon all_p01_r0724,176,184,56,64,1.0,1.8545867863092044e-06,0.02132405312947364
bare silicon all_p01_r0725,176,184,60,68,1.0,1.7558995106868928e-06,0.020574062148537197
bare silicon all_p01_r0726,176,184,64,72,1.0,1.6357714199282971e-06,0.019971568295179362
bare silicon all_p01_r0727,176,184,68,76,1.0,1.6938452079637104e-06,0.019440618960029455
bare silicon all_p01_r0728,176,184,72,80,1.0,1.7116717095982207e-06,0.018987352420957605
bare silicon all_p01_r0729,176,184,76,84,1.0,1.5356717776060067e-06,0.018607017446579246
bare silicon all_p01_r0730,176,184,80,88,1.0,1.4881225458643928e-06,0.01839161345628427
bare silicon all_p01_r0731,176,184,84,92,1.0,1.387356081705746e-06,0.018066993348074534
bare silicon all_p01_r0732,176,184,88,96,1.0,1.229548932284369e-06,0.017727353778997874
bare silicon all_p01_r0733,176,184,92,100,1.0,1.258065826196018e-06,0.0177029406095534
bare silicon all_p01_r0734,176,184,96,104,1.0,1.2688143824358752e-06,0.01781058943609972
bare silicon all_p01_r0735,176,184,100,108,1.0,1.2638944604021203e-06,0.018014004696006558
bare silicon all_p01_r0736,176,184,104,112,1.0,1.2539904489862264e-06,0.01825729609167152
bare silicon all_p01_r0737,176,184,108,116,1.0,1.3060067122882032e-06,0.018500147650296464
bare silicon all_p01_r0738,176,184,112,120,1.0,1.4938853002504954e-06,0.018744503028287028
bare silicon all_p01_r0739,176,184,116,124,1.0,1.8719363142626857e-06,0.01906523866010457
bare silicon all_p01_r0740,176,184,120,128,1.0,1.7349025388734413e-06,0.019483277034700385
bare silicon all_p01_r0741,176,184,124,132,1.0,1.6997716005757998e-06,0.020020843960761793
bare silicon all_p01_r0742,176,184,128,136,1.0,2.321202743057602e-06,0.020765700917426303
bare silicon all_p01_r0743,176,184,132,140,1.0,2.9104568827663884e-05,0.022929882515189844
bare silicon all_p01_r0744,180,188,44,52,1.0,2.6060851404964652e-05,0.02441329661707431
bare silicon all_p01_r0745,180,188,48,56,1.0,2.172726325133465e-06,0.02271628949576064
bare silicon all_p01_r0746,180,188,52,60,1.0,1.7468110155247183e-06,0.021807394330152125
bare silicon all_p01_r0747,180,188,56,64,1.0,1.7811577844492016e-06,0.020998281984649352
bare silicon all_p01_r0748,180,188,60,68,1.0,1.6378818285174564e-06,0.02027237048808198
bare silicon all_p01_r0749,180,188,64,72,1.0,1.4902639911916443e-06,0.01969446748902086
bare silicon all_p01_r0750,180,188,68,76,1.0,1.546976244939617e-06,0.01918338192593426
bare silicon all_p01_r0751,180,188,72,80,1.0,1.6084038062434872e-06,0.018742438542193818
bare silicon all_p01_r0752,180,188,76,84,1.0,1.472543688244319e-06,0.018383774449530113
bare silicon all_p01_r0753,180,188,80,88,1.0,1.6135034901553349e-06,0.018152488547879965
bare silicon all_p01_r0754,180,188,84,92,1.0,1.6171752422647172e-06,0.017925906591382264
bare silicon all_p01_r0755,180,188,88,96,1.0,1.2502422511698756e-06,0.01777004801881849
bare silicon all_p01_r0756,180,188,92,100,1.0,1.1678256859136357e-06,0.017836366561706684
bare silicon all_p01_r0757,180,188,96,104,1.0,1.215639913204709e-06,0.017993024003622682
bare silicon all_p01_r0758,180,188,100,108,1.0,1.327253071224283e-06,0.018244146330350923
bare silicon all_p01_r0759,180,188,104,112,1.0,1.5118514039455872e-06,0.018534970716747694
bare silicon all_p01_r0760,180,188,108,116,1.0,1.5233574881195547e-06,0.01885020443568576
bare silicon all_p01_r0761,180,188,112,120,1.0,2.323538445721501e-06,0.019443127837189364
bare silicon all_p01_r0762,180,188,116,124,1.0,2.7520928396569535e-06,0.019846914130278885
bare silicon all_p01_r0763,180,188,120,128,1.0,1.9286489106161494e-06,0.02005427555538383
bare silicon all_p01_r0764,180,188,124,132,1.0,2.1978599547002396e-06,0.02068401476862736
bare silicon all_p01_r0765,180,188,128,136,1.0,2.0328345958777196e-05,0.022550046910746056
bare silicon all_p01_r0766,184,192,40,48,0.984375,0.000121873900304734,0.026291484875463244
bare silicon all_p01_r0767,184,192,44,52,1.0,2.118790206071845e-06,0.02307005091587979
bare silicon all_p01_r0768,184,192,48,56,1.0,1.936260380893992e-06,0.022227981862651992
bare silicon all_p01_r0769,184,192,52,60,1.0,1.70335904500419e-06,0.02146948696134246
bare silicon all_p01_r0770,184,192,56,64,1.0,1.7024814370376895e-06,0.020739598916727383
bare silicon all_p01_r0771,184,192,60,68,1.0,1.579906163778369e-06,0.02005015129723507
bare silicon all_p01_r0772,184,192,64,72,1.0,1.4509016334042681e-06,0.01944416504541847
bare silicon all_p01_r0773,184,192,68,76,1.0,1.426387967623025e-06,0.018930627842925745
bare silicon all_p01_r0774,184,192,72,80,1.0,1.5172130994229083e-06,0.0185411556004037
bare silicon all_p01_r0775,184,192,76,84,1.0,1.4808745093161523e-06,0.01823330160999259
bare silicon all_p01_r0776,184,192,80,88,1.0,1.5464003365533877e-06,0.017978563696584262
bare silicon all_p01_r0777,184,192,84,92,1.0,1.5035599259402168e-06,0.017858998862107612
bare silicon all_p01_r0778,184,192,88,96,1.0,1.3081848149489113e-06,0.017881614360963437
bare silicon all_p01_r0779,184,192,92,100,1.0,1.2795366936807485e-06,0.01802246888811887
bare silicon all_p01_r0780,184,192,96,104,1.0,1.416240454333742e-06,0.01824163949000957
bare silicon all_p01_r0781,184,192,100,108,1.0,1.5630194748540633e-06,0.018539135294139798
bare silicon all_p01_r0782,184,192,104,112,1.0,1.6039914112136135e-06,0.0188721870862427
bare silicon all_p01_r0783,184,192,108,116,1.0,1.6092492210220147e-06,0.01922435994681615
bare silicon all_p01_r0784,184,192,112,120,1.0,2.326548298527565e-06,0.019906093263703396
bare silicon all_p01_r0785,184,192,116,124,1.0,2.609315581403793e-06,0.020408556998556662
bare silicon all_p01_r0786,184,192,120,128,1.0,2.3024192811093936e-06,0.020756651766034008
bare silicon all_p01_r0787,184,192,124,132,1.0,2.0694216446538575e-05,0.022539994845834424
bare silicon all_p01_r0788,188,196,36,44,0.9375,0.00027867019867160625,0.029602710409049552
bare silicon all_p01_r0789,188,196,40,48,1.0,2.8288069269119244e-06,0.02374879530888981
bare silicon all_p01_r0790,188,196,44,52,1.0,1.8076854756833582e-06,0.022752225655910223
bare silicon all_p01_r0791,188,196,48,56,1.0,1.8690734150727274e-06,0.02202868249754293
bare silicon all_p01_r0792,188,196,52,60,1.0,1.6751399314787072e-06,0.021330705787259985
bare silicon all_p01_r0793,188,196,56,64,1.0,1.6435336652462385e-06,0.020680205257314184
bare silicon all_p01_r0794,188,196,60,68,1.0,1.7109372301864704e-06,0.020027953239325925
bare silicon all_p01_r0795,188,196,64,72,1.0,1.5153266797237628e-06,0.019399403720418977
bare silicon all_p01_r0796,188,196,68,76,1.0,1.4547514397550646e-06,0.018905349679433834
bare silicon all_p01_r0797,188,196,72,80,1.0,1.5097729001829306e-06,0.018555746527341727
bare silicon all_p01_r0798,188,196,76,84,1.0,1.4741859219198048e-06,0.018299737113273887
bare silicon all_p01_r0799,188,196,80,88,1.0,1.4930070195205738e-06,0.01815075653544834
bare silicon all_p01_r0800,188,196,84,92,1.0,1.5698620324001292e-06,0.01814069768634579
bare silicon all_p01_r0801,188,196,88,96,1.0,1.6708782335444515e-06,0.018242595562899193
bare silicon all_p01_r0802,188,196,92,100,1.0,1.8107775471364717e-06,0.018437396371031704
bare silicon all_p01_r0803,188,196,96,104,1.0,1.9671301040781732e-06,0.018693902104919752
bare silicon all_p01_r0804,188,196,100,108,1.0,1.9025892871317763e-06,0.019022088964795757
bare silicon all_p01_r0805,188,196,104,112,1.0,1.9292997093427087e-06,0.019405227379381437
bare silicon all_p01_r0806,188,196,108,116,1.0,1.971952274823231e-06,0.019780406648352712
bare silicon all_p01_r0807,188,196,112,120,1.0,2.2590116475082336e-06,0.020236917957418436
bare silicon all_p01_r0808,188,196,116,124,1.0,3.0009726423990328e-06,0.02091196570311738
bare silicon all_p01_r0809,188,196,120,128,0.984375,1.447377430227404e-05,0.022527750138954666
bare silicon all_p01_r0810,192,200,36,44,1.0,2.1721421463444237e-05,0.025405479877085597
bare silicon all_p01_r0811,192,200,40,48,1.0,2.259015734132601e-06,0.02370060532509178
bare silicon all_p01_r0812,192,200,44,52,1.0,1.7804762669372308e-06,0.02288555063655313
bare silicon all_p01_r0813,192,200,48,56,1.0,2.0493611040332365e-06,0.02223628536387918
bare silicon all_p01_r0814,192,200,52,60,1.0,2.2291435427804474e-06,0.02161105253737134
bare silicon all_p01_r0815,192,200,56,64,1.0,2.1815604792738698e-06,0.020970285116959156
bare silicon all_p01_r0816,192,200,60,68,1.0,1.965690775465355e-06,0.020314724795406677
bare silicon all_p01_r0817,192,200,64,72,1.0,1.9016681386535784e-06,0.01970823915060668
bare silicon all_p01_r0818,192,200,68,76,1.0,1.7768933121972422e-06,0.019204012709090713
bare silicon all_p01_r0819,192,200,72,80,1.0,1.8768715262235327e-06,0.018860508119796532
bare silicon all_p01_r0820,192,200,76,84,1.0,1.8574895203024787e-06,0.01869348211562415
bare silicon all_p01_r0821,192,200,80,88,1.0,1.8231679947578202e-06,0.01867532475008178
bare silicon all_p01_r0822,192,200,84,92,1.0,1.8948909989619664e-06,0.018745639275486024
bare silicon all_p01_r0823,192,200,88,96,1.0,1.884408930332234e-06,0.018886255320839814
bare silicon all_p01_r0824,192,200,92,100,1.0,2.0436419370072745e-06,0.019090296530073096
bare silicon all_p01_r0825,192,200,96,104,1.0,2.2086965912306616e-06,0.019397755790546242
bare silicon all_p01_r0826,192,200,100,108,1.0,2.134513202259459e-06,0.019777832251382414
bare silicon all_p01_r0827,192,200,104,112,1.0,2.227774461164733e-06,0.020202417425663182
bare silicon all_p01_r0828,192,200,108,116,1.0,2.5076696605252716e-06,0.02070142122451992
bare silicon all_p01_r0829,192,200,112,120,1.0,4.0812625842823246e-06,0.021405633016600034
bare silicon all_p01_r0830,192,200,116,124,0.984375,2.5924072959034882e-05,0.02342968996611283
bare silicon all_p01_r0831,196,204,32,40,0.984375,0.00013010231636486353,0.02825512851454151
bare silicon all_p01_r0832,196,204,36,44,1.0,2.382566368654238e-06,0.024809637018097942
bare silicon all_p01_r0833,196,204,40,48,1.0,2.050428471280499e-06,0.02386514701633606
bare silicon all_p01_r0834,196,204,44,52,1.0,1.873469567856778e-06,0.023133721470634097
bare silicon all_p01_r0835,196,204,48,56,1.0,1.922597708114825e-06,0.022535520518069466
bare silicon all_p01_r0836,196,204,52,60,1.0,1.829794745084418e-06,0.02197564097853784
bare silicon all_p01_r0837,196,204,56,64,1.0,1.9682919342692858e-06,0.02134117784923561
bare silicon all_p01_r0838,196,204,60,68,1.0,1.9633351299316305e-06,0.02069798284121148
bare silicon all_p01_r0839,196,204,64,72,1.0,1.953541584026146e-06,0.020104557865726444
bare silicon all_p01_r0840,196,204,68,76,1.0,2.0090713633625953e-06,0.01959024509812976
bare silicon all_p01_r0841,196,204,72,80,1.0,2.026058898166304e-06,0.019301547071211324
bare silicon all_p01_r0842,196,204,76,84,1.0,1.8015246306058854e-06,0.0192586025780751
bare silicon all_p01_r0843,196,204,80,88,1.0,1.9365098216511536e-06,0.019370286943214916
bare silicon all_p01_r0844,196,204,84,92,1.0,2.0957472513038164e-06,0.019480024701223234
bare silicon all_p01_r0845,196,204,88,96,1.0,2.053343530271335e-06,0.0196430842085175
bare silicon all_p01_r0846,196,204,92,100,1.0,2.4245923897114012e-06,0.01989925649469052
bare silicon all_p01_r0847,196,204,96,104,1.0,2.6813145420355666e-06,0.020229130050250708
bare silicon all_p01_r0848,196,204,100,108,1.0,2.7044745466394407e-06,0.0206984630331441
bare silicon all_p01_r0849,196,204,104,112,1.0,2.7907843784510212e-06,0.021258585258262835
bare silicon all_p01_r0850,196,204,108,116,1.0,5.064331562190734e-06,0.022137064041662012
bare silicon all_p01_r0851,196,204,112,120,0.953125,3.205161545274688e-05,0.024428795502242258
bare silicon all_p01_r0852,200,208,28,36,0.9375,0.00032378736403103445,0.03212223886617384
bare silicon all_p01_r0853,200,208,32,40,1.0,2.872666032595324e-06,0.02584875499569256
bare silicon all_p01_r0854,200,208,36,44,1.0,1.920143907745129e-06,0.02476595370873239
bare silicon all_p01_r0855,200,208,40,48,1.0,1.8937382209489237e-06,0.023957179899272478
bare silicon all_p01_r0856,200,208,44,52,1.0,1.8719332789137622e-06,0.023298427905791563
bare silicon all_p01_r0857,200,208,48,56,1.0,1.8415194512444668e-06,0.02275885845335182
bare silicon all_p01_r0858,200,208,52,60,1.0,1.8297096895544279e-06,0.022200065519715866
bare silicon all_p01_r0859,200,208,56,64,1.0,1.781140337340637e-06,0.021614678000279695
bare silicon all_p01_r0860,200,208,60,68,1.0,1.7276870934997207e-06,0.021047202114352785
bare silicon all_p01_r0861,200,208,64,72,1.0,1.8110822152692867e-06,0.020468212224140633
bare silicon all_p01_r0862,200,208,68,76,1.0,1.906129428493564e-06,0.019992129647757893
bare silicon all_p01_r0863,200,208,72,80,1.0,1.932234391088874e-06,0.019790190710120087
bare silicon all_p01_r0864,200,208,76,84,1.0,1.7488933276933347e-06,0.019827194721067923
bare silicon all_p01_r0865,200,208,80,88,1.0,1.6961195270762636e-06,0.019993994165030154
bare silicon all_p01_r0866,200,208,84,92,1.0,1.962964689105799e-06,0.02017214292564402
bare silicon all_p01_r0867,200,208,88,96,1.0,1.9059586667623498e-06,0.02039283645373419
bare silicon all_p01_r0868,200,208,92,100,1.0,2.008954539960446e-06,0.020713526551948185
bare silicon all_p01_r0869,200,208,96,104,1.0,2.7568081569175065e-06,0.02114109752832175
bare silicon all_p01_r0870,200,208,100,108,1.0,3.2451099032518687e-06,0.021796242462429196
bare silicon all_p01_r0871,200,208,104,112,1.0,8.97017571185074e-06,0.02303043570591855
bare silicon all_p01_r0872,200,208,108,116,0.890625,2.743899768785287e-05,0.025113962564404367
bare silicon all_p01_r0873,204,212,28,36,1.0,2.7757861830787083e-05,0.027324080511932147
bare silicon all_p01_r0874,204,212,32,40,1.0,2.2437320752685313e-06,0.025484480922808233
bare silicon all_p01_r0875,204,212,36,44,1.0,1.918467492812265e-06,0.024635573755234588
bare silicon all_p01_r0876,204,212,40,48,1.0,1.805407150081176e-06,0.02392157020898707
bare silicon all_p01_r0877,204,212,44,52,1.0,1.7580334868272324e-06,0.023343614129798976
bare silicon all_p01_r0878,204,212,48,56,1.0,1.8049675597650641e-06,0.02284548356568823
bare silicon all_p01_r0879,204,212,52,60,1.0,1.807855548776028e-06,0.02234028714917642
bare silicon all_p01_r0880,204,212,56,64,1.0,1.9360357143153325e-06,0.02180256987140381
bare silicon all_p01_r0881,204,212,60,68,1.0,1.8819944832977706e-06,0.02127321270514929
bare silicon all_p01_r0882,204,212,64,72,1.0,2.0067233929140993e-06,0.020775710434274196
bare silicon all_p01_r0883,204,212,68,76,1.0,1.7327209392514985e-06,0.020408841619688558
bare silicon all_p01_r0884,204,212,72,80,1.0,1.607806612089609e-06,0.020353386567122204
bare silicon all_p01_r0885,204,212,76,84,1.0,1.7292135504185183e-06,0.020437287600706757
bare silicon all_p01_r0886,204,212,80,88,1.0,1.9136514740221194e-06,0.02058345086537782
bare silicon all_p01_r0887,204,212,84,92,1.0,2.1754548192542893e-06,0.02082207104335234
bare silicon all_p01_r0888,204,212,88,96,1.0,2.1868200354044044e-06,0.0211312724281787
bare silicon all_p01_r0889,204,212,92,100,1.0,2.445882635510479e-06,0.021561071553472786
bare silicon all_p01_r0890,204,212,96,104,1.0,3.774168598277922e-06,0.02228675199605074
bare silicon all_p01_r0891,204,212,100,108,0.984375,2.1449133449095444e-05,0.024194425717905744
bare silicon all_p01_r0892,208,216,24,32,0.984375,0.00011668218272011206,0.02959062119799408
bare silicon all_p01_r0893,208,216,28,36,1.0,2.6307987533501197e-06,0.026227457774709965
bare silicon all_p01_r0894,208,216,32,40,1.0,2.1494751779926836e-06,0.025193581312305362
bare silicon all_p01_r0895,208,216,36,44,1.0,1.907631496118098e-06,0.024463410575934798
bare silicon all_p01_r0896,208,216,40,48,1.0,1.7173008708765364e-06,0.023851001566295462
bare silicon all_p01_r0897,208,216,44,52,1.0,1.765661481670184e-06,0.023358652998625155
bare silicon all_p01_r0898,208,216,48,56,1.0,1.8295128189457167e-06,0.02292787368304665
bare silicon all_p01_r0899,208,216,52,60,1.0,1.6674404920798693e-06,0.022549790836019306
bare silicon all_p01_r0900,208,216,56,64,1.0,2.0467434670466525e-06,0.022070776347412013
bare silicon all_p01_r0901,208,216,60,68,1.0,2.0073058641145522e-06,0.021515057952625566
bare silicon all_p01_r0902,208,216,64,72,1.0,1.8495297164208856e-06,0.02109843094647534
bare silicon all_p01_r0903,208,216,68,76,1.0,1.6871120201594845e-06,0.02084196142879307
bare silicon all_p01_r0904,208,216,72,80,1.0,1.599260160387161e-06,0.02085130615927444
bare silicon all_p01_r0905,208,216,76,84,1.0,1.782975565054204e-06,0.02099942917643687
bare silicon all_p01_r0906,208,216,80,88,1.0,1.927884344119985e-06,0.021236035580206654
bare silicon all_p01_r0907,208,216,84,92,1.0,2.183082100599383e-06,0.02156236001780764
bare silicon all_p01_r0908,208,216,88,96,1.0,2.7649626542748762e-06,0.022049526989271505
bare silicon all_p01_r0909,208,216,92,100,1.0,7.765450965703544e-06,0.02312915429775938
bare silicon all_p01_r0910,208,216,96,104,0.890625,1.6987216067152057e-05,0.02469194942281046
bare silicon all_p01_r0911,212,220,20,28,0.9375,0.00033961199960369964,0.03327873519532352
bare silicon all_p01_r0912,212,220,24,32,1.0,3.597712161420262e-06,0.02696429384954456
bare silicon all_p01_r0913,212,220,28,36,1.0,2.3182130480092085e-06,0.02578849830366013
bare silicon all_p01_r0914,212,220,32,40,1.0,1.9674246437450596e-06,0.024932586965369034
bare silicon all_p01_r0915,212,220,36,44,1.0,1.8749472310724871e-06,0.024300961456448982
bare silicon all_p01_r0916,212,220,40,48,1.0,1.8502078135858384e-06,0.023813433410737283
bare silicon all_p01_r0917,212,220,44,52,1.0,1.661031666151921e-06,0.02339366016972901
bare silicon all_p01_r0918,212,220,48,56,1.0,1.6027836001772179e-06,0.022947836280840326
bare silicon all_p01_r0919,212,220,52,60,1.0,1.6012085662684658e-06,0.022606806868610857
bare silicon all_p01_r0920,212,220,56,64,1.0,1.8507975478430284e-06,0.022218032132822106
bare silicon all_p01_r0921,212,220,60,68,1.0,1.7006235504749667e-06,0.021723032754427565
bare silicon all_p01_r0922,212,220,64,72,1.0,1.517405400263578e-06,0.021374702176616425
bare silicon all_p01_r0923,212,220,68,76,1.0,1.6026737687257572e-06,0.021192679520310512
bare silicon all_p01_r0924,212,220,72,80,1.0,1.5567412846826788e-06,0.0212194291877692
bare silicon all_p01_r0925,212,220,76,84,1.0,1.6344567441923214e-06,0.02145119923151026
bare silicon all_p01_r0926,212,220,80,88,1.0,2.007701886544133e-06,0.021853052267102265
bare silicon all_p01_r0927,212,220,84,92,1.0,3.815832737270409e-06,0.022579477139994832
bare silicon all_p01_r0928,212,220,88,96,0.953125,1.6311431455440904e-05,0.024167451463126485
bare silicon all_p01_r0929,216,224,20,28,1.0,2.1836741869981505e-05,0.027854365428120205
bare silicon all_p01_r0930,216,224,24,32,1.0,2.3281780118466602e-06,0.026208789682853017
bare silicon all_p01_r0931,216,224,28,36,1.0,2.013640428246141e-06,0.025354731985815705
bare silicon all_p01_r0932,216,224,32,40,1.0,1.992004364501291e-06,0.02464065698304787
bare silicon all_p01_r0933,216,224,36,44,1.0,1.9920819271680417e-06,0.024059001285644588
bare silicon all_p01_r0934,216,224,40,48,1.0,1.8022896362829522e-06,0.02362594608369251
bare silicon all_p01_r0935,216,224,44,52,1.0,1.6637098272134345e-06,0.023240280219725126
bare silicon all_p01_r0936,216,224,48,56,1.0,1.749348064850181e-06,0.022809813869170165
bare silicon all_p01_r0937,216,224,52,60,1.0,1.785051724600763e-06,0.0225044147899581
bare silicon all_p01_r0938,216,224,56,64,1.0,1.7274024035642331e-06,0.022198273070910494
bare silicon all_p01_r0939,216,224,60,68,1.0,1.452455476375619e-06,0.021865985549009318
bare silicon all_p01_r0940,216,224,64,72,1.0,1.3595276756258961e-06,0.021634064900091236
bare silicon all_p01_r0941,216,224,68,76,1.0,1.4969528290326905e-06,0.021534727468312625
bare silicon all_p01_r0942,216,224,72,80,1.0,1.7292573338775835e-06,0.021733929328116824
bare silicon all_p01_r0943,216,224,76,84,1.0,2.8881932580640747e-06,0.022237784255970575
bare silicon all_p01_r0944,216,224,80,88,0.96875,1.0749098799845585e-05,0.023445992434256106
bare silicon all_p01_r0945,220,228,16,24,0.984375,0.00012257124405118974,0.029993797095616073
bare silicon all_p01_r0946,220,228,20,28,1.0,2.6142471480928207e-06,0.026641798075027104
bare silicon all_p01_r0947,220,228,24,32,1.0,2.1465022129887323e-06,0.025712302568200198
bare silicon all_p01_r0948,220,228,28,36,1.0,1.911310480525272e-06,0.024992007043030905
bare silicon all_p01_r0949,220,228,32,40,1.0,1.9464538713151144e-06,0.024367015574714546
bare silicon all_p01_r0950,220,228,36,44,1.0,1.7251579461911535e-06,0.0238466724132998
bare silicon all_p01_r0951,220,228,40,48,1.0,1.668603965553035e-06,0.023392143745043382
bare silicon all_p01_r0952,220,228,44,52,1.0,1.580354723951185e-06,0.02301538435348189
bare silicon all_p01_r0953,220,228,48,56,1.0,1.6277919570033257e-06,0.022721918028682828
bare silicon all_p01_r0954,220,228,52,60,1.0,1.6782735706768159e-06,0.022487542638930658
bare silicon all_p01_r0955,220,228,56,64,1.0,1.7439927005446303e-06,0.022267366895097725
bare silicon all_p01_r0956,220,228,60,68,1.0,1.6874213189002213e-06,0.022095321237812632
bare silicon all_p01_r0957,220,228,64,72,1.0,1.7432417490440165e-06,0.022093981281772836
bare silicon all_p01_r0958,220,228,68,76,1.0,3.0592628622813346e-06,0.022352154749054352
bare silicon all_p01_r0959,220,228,72,80,0.96875,1.176767752395682e-05,0.023468526157967178
bare silicon all_p01_r0960,220,228,144,152,0.9375,2.0771982504976324e-05,0.03118779739369419
bare silicon all_p01_r0961,220,228,148,156,0.96875,0.00035584523397938847,0.040323231112089734
bare silicon all_p01_r0962,224,232,12,20,0.9375,0.00026177409012483467,0.03291744719631679
bare silicon all_p01_r0963,224,232,16,24,1.0,2.9700131811056837e-06,0.027263499207821347
bare silicon all_p01_r0964,224,232,20,28,1.0,2.2913569665323362e-06,0.02615757788536073
bare silicon all_p01_r0965,224,232,24,32,1.0,2.0101209132651323e-06,0.025399812086906205
bare silicon all_p01_r0966,224,232,28,36,1.0,1.8218550339765014e-06,0.02476735496687629
bare silicon all_p01_r0967,224,232,32,40,1.0,1.7126398768529443e-06,0.02419454611413627
bare silicon all_p01_r0968,224,232,36,44,1.0,1.62145185479105e-06,0.023763911121954962
bare silicon all_p01_r0969,224,232,40,48,1.0,1.7106480638908148e-06,0.02336162430097624
bare silicon all_p01_r0970,224,232,44,52,1.0,1.5724192375082125e-06,0.0230386324611795
bare silicon all_p01_r0971,224,232,48,56,1.0,1.4654906893045551e-06,0.022823230213737968
bare silicon all_p01_r0972,224,232,52,60,1.0,1.7103609313552314e-06,0.02269152202981635
bare silicon all_p01_r0973,224,232,56,64,1.0,2.4334346709745195e-06,0.022729911241653453
bare silicon all_p01_r0974,224,232,60,68,1.0,6.929638982986942e-06,0.023245521894424363
bare silicon all_p01_r0975,224,232,64,72,1.0,0.00012090799000083759,0.02645310873758654
bare silicon all_p01_r0976,224,232,68,76,0.90625,0.0003357845001215355,0.031009591191583905
bare silicon all_p01_r0977,224,232,132,140,0.953125,1.3012690621408187e-05,0.027043080585308056
bare silicon all_p01_r0978,224,232,136,144,1.0,6.1179834331268365e-06,0.02714755730966403
bare silicon all_p01_r0979,224,232,140,148,1.0,3.387289716706166e-06,0.02774706790736795
bare silicon all_p01_r0980,224,232,144,152,1.0,8.382244815941332e-06,0.02937594512050514
bare silicon all_p01_r0981,224,232,148,156,0.859375,0.00044348162353240525,0.04095966241996232
bare silicon all_p01_r0982,228,236,12,20,1.0,2.1940050239854167e-05,0.028559205698896216
bare silicon all_p01_r0983,228,236,16,24,1.0,2.2903075995413295e-06,0.02689111372327782
bare silicon all_p01_r0984,228,236,20,28,1.0,1.98972709185092e-06,0.02600653492190807
bare silicon all_p01_r0985,228,236,24,32,1.0,1.7680531161791168e-06,0.025342093671283653
bare silicon all_p01_r0986,228,236,28,36,1.0,1.7363034568434926e-06,0.02478382634825047
bare silicon all_p01_r0987,228,236,32,40,1.0,1.7974579804874933e-06,0.02431314957805665
bare silicon all_p01_r0988,228,236,36,44,1.0,1.8938908751886243e-06,0.02398637474896516
bare silicon all_p01_r0989,228,236,40,48,1.0,1.9788804445380603e-06,0.023696146575580834
bare silicon all_p01_r0990,228,236,44,52,1.0,2.5362971188106077e-06,0.023544912964482214
bare silicon all_p01_r0991,228,236,48,56,1.0,5.5424298531330454e-06,0.02380341205160774
bare silicon all_p01_r0992,228,236,52,60,0.96875,1.7306313647135177e-05,0.024699915404635224
bare silicon all_p01_r0993,228,236,56,64,0.875,7.440766450281716e-05,0.026467065068959107
bare silicon all_p01_r0994,228,236,60,68,0.90625,0.004456037700945253,0.05362045091440283
bare silicon all_p01_r0995,228,236,64,72,0.90625,0.007327918413548784,0.08113584430894623
bare silicon all_p01_r0996,228,236,116,124,0.859375,2.7710268433395128e-05,0.025500229057264415
bare silicon all_p01_r0997,228,236,120,128,0.96875,1.7206595067825813e-05,0.0250867327780231
bare silicon all_p01_r0998,228,236,124,132,1.0,4.802364046789402e-06,0.024545489985291807
bare silicon all_p01_r0999,228,236,128,136,1.0,2.663153333497039e-06,0.024615359655227015
bare silicon all_p01_r1000,228,236,132,140,1.0,2.436364336482998e-06,0.025120348491125967
bare silicon all_p01_r1001,228,236,136,144,1.0,2.582236315016551e-06,0.025906967625215393
bare silicon all_p01_r1002,228,236,140,148,1.0,2.8656299550477177e-06,0.026976298507741157
bare silicon all_p01_r1003,228,236,144,152,1.0,4.659771443815179e-05,0.030418863192133945
bare silicon all_p01_r1004,232,240,8,16,0.984375,0.00014685701428885723,0.03164377067780694
bare silicon all_p01_r1005,232,240,12,20,1.0,2.31134161463214e-06,0.027918317789212943
bare silicon all_p01_r1006,232,240,16,24,1.0,2.065169457099817e-06,0.02696387746934268
bare silicon all_p01_r1007,232,240,20,28,1.0,2.0174211805542455e-06,0.02635648156575533
bare silicon all_p01_r1008,232,240,24,32,1.0,2.482802846967867e-06,0.02586283327937668
bare silicon all_p01_r1009,232,240,28,36,1.0,3.228189245626938e-06,0.025474420345451988
bare silicon all_p01_r1010,232,240,32,40,1.0,6.637276787318658e-06,0.02551139314544921
bare silicon all_p01_r1011,232,240,36,44,0.984375,2.106292358118869e-05,0.026226609992350016
bare silicon all_p01_r1012,232,240,40,48,0.90625,3.1304728094092786e-05,0.026652026353549893
bare silicon all_p01_r1013,232,240,104,112,0.890625,3.8862059616548936e-05,0.024804107367942158
bare silicon all_p01_r1014,232,240,108,116,0.984375,1.9608364665463688e-05,0.023601423754512872
bare silicon all_p01_r1015,232,240,112,120,1.0,4.081135649305212e-06,0.02271892122904743
bare silicon all_p01_r1016,232,240,116,124,1.0,2.4642798611254383e-06,0.022709870427962676
bare silicon all_p01_r1017,232,240,120,128,1.0,2.115579627256022e-06,0.022983534371672255
bare silicon all_p01_r1018,232,240,124,132,1.0,1.9572922313260265e-06,0.02339556256423857
bare silicon all_p01_r1019,232,240,128,136,1.0,2.1774350554261007e-06,0.024024846326024574
bare silicon all_p01_r1020,232,240,132,140,1.0,2.2013720292961395e-06,0.024801334726985504
bare silicon all_p01_r1021,232,240,136,144,1.0,2.277165683132963e-06,0.02564044741847786
bare silicon all_p01_r1022,232,240,140,148,1.0,3.488725030467678e-06,0.02689540412079677
bare silicon all_p01_r1023,232,240,144,152,0.984375,0.000232504825533953,0.034340326133769215
bare silicon all_p01_r1024,236,244,4,12,0.9375,0.0002991442444422747,0.036553200922134516
bare silicon all_p01_r1025,236,244,8,16,1.0,2.0191321210492416e-05,0.031080543659422748
bare silicon all_p01_r1026,236,244,12,20,0.96875,2.9451851141186793e-05,0.030381413688583075
bare silicon all_p01_r1027,236,244,16,24,0.90625,2.675991074350098e-05,0.029408068697582095
bare silicon all_p01_r1028,236,244,92,100,0.921875,3.461985447446786e-05,0.023779129134863065
bare silicon all_p01_r1029,236,244,96,104,1.0,2.0904517489530785e-05,0.022649676494506655
bare silicon all_p01_r1030,236,244,100,108,1.0,2.766116480903395e-06,0.021752316924698957
bare silicon all_p01_r1031,236,244,104,112,1.0,1.9535942064585106e-06,0.02174134724930439
bare silicon all_p01_r1032,236,244,108,116,1.0,1.6950699810788945e-06,0.021729125680634346
bare silicon all_p01_r1033,236,244,112,120,1.0,1.7625011401266274e-06,0.02186744482665283
bare silicon all_p01_r1034,236,244,116,124,1.0,1.5795872577168253e-06,0.022156294750611913
bare silicon all_p01_r1035,236,244,120,128,1.0,1.6296213554678043e-06,0.022602037240988762
bare silicon all_p01_r1036,236,244,124,132,1.0,1.6632093891250696e-06,0.023159498263988346
bare silicon all_p01_r1037,236,244,128,136,1.0,2.013978059443893e-06,0.02389010383804525
bare silicon all_p01_r1038,236,244,132,140,1.0,2.1996706744880443e-06,0.02474736506645827
bare silicon all_p01_r1039,236,244,136,144,1.0,2.5273344331675734e-06,0.025719631904063563
bare silicon all_p01_r1040,236,244,140,148,1.0,1.022022832438929e-05,0.02771650917969291
bare silicon all_p01_r1041,236,244,144,152,0.890625,0.0004391252327366929,0.03955277295234644
bare silicon all_p01_r1042,240,248,68,76,0.890625,0.010463703368255237,0.08937219386428062
bare silicon all_p01_r1043,240,248,80,88,0.953125,2.874745581779012e-05,0.024434258042214125
bare silicon all_p01_r1044,240,248,84,92,1.0,9.314995946258404e-06,0.022661397553219408
bare silicon all_p01_r1045,240,248,88,96,1.0,1.9676222695779765e-06,0.021708283398990367
bare silicon all_p01_r1046,240,248,92,100,1.0,1.7452472194230804e-06,0.021438217802335336
bare silicon all_p01_r1047,240,248,96,104,1.0,1.6724876793398057e-06,0.02127840360583098
bare silicon all_p01_r1048,240,248,100,108,1.0,1.7460468358332287e-06,0.02139342707923846
bare silicon all_p01_r1049,240,248,104,112,1.0,1.8596518393097797e-06,0.021626010985364742
bare silicon all_p01_r1050,240,248,108,116,1.0,1.9744809100485645e-06,0.021821351196820646
bare silicon all_p01_r1051,240,248,112,120,1.0,2.1522902448341164e-06,0.02205551241670428
bare silicon all_p01_r1052,240,248,116,124,1.0,2.0371620837719777e-06,0.0223835889526216
bare silicon all_p01_r1053,240,248,120,128,1.0,2.0734865640279844e-06,0.022877989848101177
bare silicon all_p01_r1054,240,248,124,132,1.0,2.104069727160381e-06,0.0234884339951496
bare silicon all_p01_r1055,240,248,128,136,1.0,2.460206920566421e-06,0.024177838598167276
bare silicon all_p01_r1056,240,248,132,140,1.0,3.041475250305181e-06,0.02507459062584087
bare silicon all_p01_r1057,240,248,136,144,1.0,3.9169314066215955e-06,0.026345137732293123
bare silicon all_p01_r1058,240,248,140,148,1.0,8.016835109165645e-05,0.03069274333049518
bare silicon all_p01_r1059,244,252,68,76,1.0,3.210651500750062e-05,0.028492300096982143
bare silicon all_p01_r1060,244,252,72,80,1.0,5.119675748364191e-06,0.025313010424785155
bare silicon all_p01_r1061,244,252,76,84,1.0,2.4182065552592935e-06,0.02370915585114856
bare silicon all_p01_r1062,244,252,80,88,1.0,2.274432834870042e-06,0.02302427785853001
bare silicon all_p01_r1063,244,252,84,92,1.0,2.2480781668287416e-06,0.02236561146337914
bare silicon all_p01_r1064,244,252,88,96,1.0,1.8499298767927394e-06,0.021868344979426177
bare silicon all_p01_r1065,244,252,92,100,1.0,1.7156536464065582e-06,0.021792282806409075
bare silicon all_p01_r1066,244,252,96,104,1.0,1.6507907034940387e-06,0.021790398910390706
bare silicon all_p01_r1067,244,252,100,108,1.0,1.6856677482023762e-06,0.02185503273351916
bare silicon all_p01_r1068,244,252,104,112,1.0,1.8304234232045303e-06,0.022052825437397665
bare silicon all_p01_r1069,244,252,108,116,1.0,1.880099901209015e-06,0.022330351774808594
bare silicon all_p01_r1070,244,252,112,120,1.0,1.9758713028774968e-06,0.022658871252485537
bare silicon all_p01_r1071,244,252,116,124,1.0,2.100770202159112e-06,0.023013088654410176
bare silicon all_p01_r1072,244,252,120,128,1.0,2.2782247347303844e-06,0.023516946680092132
bare silicon all_p01_r1073,244,252,124,132,1.0,2.359299585450756e-06,0.024128166349506357
bare silicon all_p01_r1074,244,252,128,136,1.0,2.684607153098724e-06,0.024862420135753297
bare silicon all_p01_r1075,244,252,132,140,1.0,3.019737348014846e-06,0.025859010859506294
bare silicon all_p01_r1076,244,252,136,144,1.0,6.387827721119573e-06,0.027559003020461294
bare silicon all_p01_r1077,244,252,140,148,0.9375,0.00021435929227522216,0.0354003834235784
bare silicon all_p01_r1078,248,256,68,76,1.0,4.039314623907615e-05,0.027670223001788438
bare silicon all_p01_r1079,248,256,72,80,1.0,2.8707967678217096e-06,0.02504736532569619
bare silicon all_p01_r1080,248,256,76,84,1.0,1.8345161291405807e-06,0.02397887262379704
bare silicon all_p01_r1081,248,256,80,88,1.0,1.8887654650861507e-06,0.023411210379958046
bare silicon all_p01_r1082,248,256,84,92,1.0,1.9970772171560702e-06,0.022732778649648837
bare silicon all_p01_r1083,248,256,88,96,1.0,1.6376431550242774e-06,0.022225654374914784
bare silicon all_p01_r1084,248,256,92,100,1.0,1.47146930794426e-06,0.022149815653427593
bare silicon all_p01_r1085,248,256,96,104,1.0,1.3755502325291939e-06,0.022132867469867538
bare silicon all_p01_r1086,248,256,100,108,1.0,1.3202634153742728e-06,0.022238963466013485
bare silicon all_p01_r1087,248,256,104,112,1.0,1.3743438646134333e-06,0.022480707731504276
bare silicon all_p01_r1088,248,256,108,116,1.0,1.536740302694864e-06,0.022759739832983256
bare silicon all_p01_r1089,248,256,112,120,1.0,1.811874532105326e-06,0.02310992310114204
bare silicon all_p01_r1090,248,256,116,124,1.0,1.8730929314740788e-06,0.023478072437015596
bare silicon all_p01_r1091,248,256,120,128,1.0,1.9105827792462908e-06,0.024022521322402544
bare silicon all_p01_r1092,248,256,124,132,1.0,1.9227685538972423e-06,0.024683479557605616
bare silicon all_p01_r1093,248,256,128,136,1.0,2.4639451132238842e-06,0.025540247905633574
bare silicon all_p01_r1094,248,256,132,140,1.0,3.961383598947265e-06,0.02690825432916579
bare silicon all_p01_r1095,248,256,136,144,1.0,4.283181081762739e-05,0.030411440366749424
bare silicon all_p01_r1096,252,260,68,76,0.96875,0.00022456222542899265,0.030928397286768702
bare silicon all_p01_r1097,252,260,72,80,1.0,2.558343130446284e-06,0.025213394663520634
bare silicon all_p01_r1098,252,260,76,84,1.0,1.8427858570689629e-06,0.024203322686567427
bare silicon all_p01_r1099,252,260,80,88,1.0,1.6914605082252296e-06,0.023547381267776283
bare silicon all_p01_r1100,252,260,84,92,1.0,1.6658734790830656e-06,0.02310457571069825
bare silicon all_p01_r1101,252,260,88,96,1.0,1.7760605673388496e-06,0.022696117936381953
bare silicon all_p01_r1102,252,260,92,100,1.0,1.727825320533695e-06,0.022347173883697197
bare silicon all_p01_r1103,252,260,96,104,1.0,1.6409072057240764e-06,0.02227833158778874
bare silicon all_p01_r1104,252,260,100,108,1.0,1.5671538047097701e-06,0.022442544426198516
bare silicon all_p01_r1105,252,260,104,112,1.0,1.4715713271868003e-06,0.022708657144778464
bare silicon all_p01_r1106,252,260,108,116,1.0,1.5112097253857422e-06,0.023010811192078068
bare silicon all_p01_r1107,252,260,112,120,1.0,1.6738115961433354e-06,0.023396122013010192
bare silicon all_p01_r1108,252,260,116,124,1.0,1.8120900287828058e-06,0.023784663691439584
bare silicon all_p01_r1109,252,260,120,128,1.0,2.089892858440065e-06,0.024347060297821445
bare silicon all_p01_r1110,252,260,124,132,1.0,2.1241935481878565e-06,0.025141521417971456
bare silicon all_p01_r1111,252,260,128,136,1.0,3.2760153587434943e-06,0.026378509049368726
bare silicon all_p01_r1112,252,260,132,140,1.0,8.122274774729731e-06,0.02874163016345265
bare silicon all_p01_r1113,252,260,136,144,0.96875,0.00022675720777623373,0.036791159045966526
bare silicon all_p01_r1114,256,264,72,80,1.0,7.719367485710573e-06,0.02607659668176588
bare silicon all_p01_r1115,256,264,76,84,1.0,2.341933631849052e-06,0.024534542744670335
bare silicon all_p01_r1116,256,264,80,88,1.0,1.7518946727309164e-06,0.023707002023300713
bare silicon all_p01_r1117,256,264,84,92,1.0,1.6229157270699534e-06,0.023539119920212917
bare silicon all_p01_r1118,256,264,88,96,1.0,2.1525457322684705e-06,0.023476539315901004
bare silicon all_p01_r1119,256,264,92,100,1.0,2.4180029490769656e-06,0.0228810863025791
bare silicon all_p01_r1120,256,264,96,104,1.0,1.8574268224957962e-06,0.022538495102577827
bare silicon all_p01_r1121,256,264,100,108,1.0,1.616431401290934e-06,0.0227145256199914
bare silicon all_p01_r1122,256,264,104,112,1.0,1.5447036928301967e-06,0.022966826990769854
bare silicon all_p01_r1123,256,264,108,116,1.0,1.738735158616236e-06,0.023300924716784802
bare silicon all_p01_r1124,256,264,112,120,1.0,1.60958542290367e-06,0.023709316846721912
bare silicon all_p01_r1125,256,264,116,124,1.0,1.7439383395587544e-06,0.024151276762887915
bare silicon all_p01_r1126,256,264,120,128,1.0,2.163703445434729e-06,0.024751769927857787
bare silicon all_p01_r1127,256,264,124,132,1.0,2.615129543694296e-06,0.025726373059369312
bare silicon all_p01_r1128,256,264,128,136,1.0,3.858748963658657e-06,0.027267172558784917
bare silicon all_p01_r1129,256,264,132,140,1.0,3.914360835175918e-05,0.031214882827348862
bare silicon all_p01_r1130,260,268,72,80,1.0,0.00011768851576369731,0.028866402778933372
bare silicon all_p01_r1131,260,268,76,84,1.0,2.7999031440035775e-06,0.0250154616018929
bare silicon all_p01_r1132,260,268,80,88,1.0,2.0272700270061764e-06,0.0239137178820743
bare silicon all_p01_r1133,260,268,84,92,1.0,1.6562202505403434e-06,0.02361860315191736
bare silicon all_p01_r1134,260,268,88,96,1.0,1.8611595482935476e-06,0.02365341525914646
bare silicon all_p01_r1135,260,268,92,100,1.0,1.9516295384553817e-06,0.02318553297864411
bare silicon all_p01_r1136,260,268,96,104,1.0,1.6142243537191495e-06,0.022829364380939656
bare silicon all_p01_r1137,260,268,100,108,1.0,1.4659021232587292e-06,0.02301833070396058
bare silicon all_p01_r1138,260,268,104,112,1.0,1.4523965399978274e-06,0.02329545222423349
bare silicon all_p01_r1139,260,268,108,116,1.0,1.7575904620961857e-06,0.023654969134465867
bare silicon all_p01_r1140,260,268,112,120,1.0,1.6796405460997914e-06,0.024066644048399748
bare silicon all_p01_r1141,260,268,116,124,1.0,1.878458782231897e-06,0.02453274885732777
bare silicon all_p01_r1142,260,268,120,128,1.0,2.580037182082422e-06,0.025307199066454966
bare silicon all_p01_r1143,260,268,124,132,1.0,4.444142963684647e-06,0.026822237636923988
bare silicon all_p01_r1144,260,268,128,136,1.0,7.20901222585633e-06,0.028854922384955236
bare silicon all_p01_r1145,260,268,132,140,0.953125,0.00022884908293692931,0.03654962467416882
bare silicon all_p01_r1146,264,272,72,80,0.921875,0.00025162353975658207,0.03236101873225849
bare silicon all_p01_r1147,264,272,76,84,1.0,3.7206567102791246e-06,0.025723124612022464
bare silicon all_p01_r1148,264,272,80,88,1.0,2.1945895352691256e-06,0.02430062220531059
bare silicon all_p01_r1149,264,272,84,92,1.0,1.6821062710518091e-06,0.023679532824997303
bare silicon all_p01_r1150,264,272,88,96,1.0,1.6597233080912234e-06,0.023435181257115856
bare silicon all_p01_r1151,264,272,92,100,1.0,1.531192998386124e-06,0.023212328214851804
bare silicon all_p01_r1152,264,272,96,104,1.0,1.5088926023441606e-06,0.023155520964185203
bare silicon all_p01_r1153,264,272,100,108,1.0,1.5181317015048382e-06,0.023356442830612383
bare silicon all_p01_r1154,264,272,104,112,1.0,1.5510409922230235e-06,0.023645234262142798
bare silicon all_p01_r1155,264,272,108,116,1.0,1.6495995560520228e-06,0.024024964962311983
bare silicon all_p01_r1156,264,272,112,120,1.0,1.5955534756234926e-06,0.02444591848927969
bare silicon all_p01_r1157,264,272,116,124,1.0,1.9078153093365877e-06,0.02497009970484782
bare silicon all_p01_r1158,264,272,120,128,1.0,2.9129702658023523e-06,0.026026093652771243
bare silicon all_p01_r1159,264,272,124,132,1.0,4.168238004084089e-06,0.027821300901876688
bare silicon all_p01_r1160,264,272,128,136,1.0,6.227999548633393e-05,0.03182818759320855
bare silicon all_p01_r1161,268,276,76,84,1.0,1.9128452820017052e-05,0.027125214814075
bare silicon all_p01_r1162,268,276,80,88,1.0,2.8861152671583217e-06,0.025011646594526742
bare silicon all_p01_r1163,268,276,84,92,1.0,2.0140984174074313e-06,0.024043908535172066
bare silicon all_p01_r1164,268,276,88,96,1.0,1.93680786740321e-06,0.023765942864249694
bare silicon all_p01_r1165,268,276,92,100,1.0,1.7239029210287248e-06,0.023583904877106612
bare silicon all_p01_r1166,268,276,96,104,1.0,1.4688215544705696e-06,0.023509251950052802
bare silicon all_p01_r1167,268,276,100,108,1.0,1.7008514202128603e-06,0.0237347033272468
bare silicon all_p01_r1168,268,276,104,112,1.0,1.8756161107042711e-06,0.02405340564522744
bare silicon all_p01_r1169,268,276,108,116,1.0,1.7998938664672813e-06,0.024468280144585183
bare silicon all_p01_r1170,268,276,112,120,1.0,1.8726075683102616e-06,0.02494082533136865
bare silicon all_p01_r1171,268,276,116,124,1.0,2.3293636522100468e-06,0.025627170177045
bare silicon all_p01_r1172,268,276,120,128,1.0,2.843566041401007e-06,0.02682707743513627
bare silicon all_p01_r1173,268,276,124,132,1.0,7.515453688847431e-06,0.028738418941512953
bare silicon all_p01_r1174,268,276,128,136,0.875,0.00011811988465126076,0.03459988717827484
bare silicon all_p01_r1175,272,280,76,84,0.96875,0.00012046726182280131,0.029931509228976545
bare silicon all_p01_r1176,272,280,80,88,1.0,2.9371767704192807e-06,0.02559606150924154
bare silicon all_p01_r1177,272,280,84,92,1.0,2.009904242351806e-06,0.024532310200136295
bare silicon all_p01_r1178,272,280,88,96,1.0,1.782030859344115e-06,0.024150444432403363
bare silicon all_p01_r1179,272,280,92,100,1.0,1.6737654480573384e-06,0.023917650645724466
bare silicon all_p01_r1180,272,280,96,104,1.0,1.6650021614909418e-06,0.02390309950999814
bare silicon all_p01_r1181,272,280,100,108,1.0,1.8365276128188277e-06,0.02420346788161616
bare silicon all_p01_r1182,272,280,104,112,1.0,1.9358405926795924e-06,0.02455138859841578
bare silicon all_p01_r1183,272,280,108,116,1.0,1.9324686389680177e-06,0.02496862968721721
bare silicon all_p01_r1184,272,280,112,120,1.0,1.9642249023909143e-06,0.02549901058691125
bare silicon all_p01_r1185,272,280,116,124,1.0,2.8823477317168393e-06,0.026441153081122576
bare silicon all_p01_r1186,272,280,120,128,1.0,3.758534891901102e-06,0.027869107072858126
bare silicon all_p01_r1187,272,280,124,132,0.953125,6.581884037999869e-05,0.03194766087879401
bare silicon all_p01_r1188,276,284,76,84,0.859375,0.00028815815123046234,0.03352711029446432
bare silicon all_p01_r1189,276,284,80,88,1.0,4.377425730637825e-06,0.0260925978909391
bare silicon all_p01_r1190,276,284,84,92,1.0,1.9283163375198827e-06,0.02494152153716255
bare silicon all_p01_r1191,276,284,88,96,1.0,1.832036617314126e-06,0.024414140893796663
bare silicon all_p01_r1192,276,284,92,100,1.0,1.7963616864192557e-06,0.024189635783767476
bare silicon all_p01_r1193,276,284,96,104,1.0,1.8032831180599559e-06,0.024323864536012228
bare silicon all_p01_r1194,276,284,100,108,1.0,1.7597831999085134e-06,0.024675276277482863
bare silicon all_p01_r1195,276,284,104,112,1.0,1.8084692595192652e-06,0.025046818115584964
bare silicon all_p01_r1196,276,284,108,116,1.0,2.1177738388041524e-06,0.025549754017351
bare silicon all_p01_r1197,276,284,112,120,1.0,3.0406367624559484e-06,0.02638949148290544
bare silicon all_p01_r1198,276,284,116,124,1.0,5.63935653924285e-06,0.02788568127929949
bare silicon all_p01_r1199,276,284,120,128,1.0,4.6234928201550294e-05,0.030894773812934352
bare silicon all_p01_r1200,280,288,80,88,1.0,5.801529712752476e-05,0.02804537455761259
bare silicon all_p01_r1201,280,288,84,92,1.0,2.3478089751892965e-06,0.02552475913097453
bare silicon all_p01_r1202,280,288,88,96,1.0,2.2336040849529338e-06,0.02505991468163118
bare silicon all_p01_r1203,280,288,92,100,1.0,2.207460971542235e-06,0.02485918127049604
bare silicon all_p01_r1204,280,288,96,104,1.0,1.9977694117476093e-06,0.024852457267163834
bare silicon all_p01_r1205,280,288,100,108,1.0,2.4902137990690316e-06,0.025291356464244207
bare silicon all_p01_r1206,280,288,104,112,1.0,8.009929323758785e-06,0.026555159797199853
bare silicon all_p01_r1207,280,288,108,116,1.0,1.152364998206326e-05,0.027891484408023453
bare silicon all_p01_r1208,280,288,112,120,1.0,1.4637943883606975e-05,0.029247237606574286
bare silicon all_p01_r1209,280,288,116,124,1.0,2.5306348108821474e-05,0.03171354185660912
bare silicon all_p01_r1210,280,288,120,128,0.859375,0.00010330305768447429,0.03622129155867368
bare silicon all_p01_r1211,284,292,80,88,0.953125,0.00023729169541198937,0.03223124147207972
bare silicon all_p01_r1212,284,292,84,92,1.0,7.580454392576575e-06,0.02693378962580374
bare silicon all_p01_r1213,284,292,88,96,1.0,1.3615859357093809e-05,0.02692454714675071
bare silicon all_p01_r1214,284,292,92,100,1.0,9.382873464302076e-06,0.026175923224015588
bare silicon all_p01_r1215,284,292,96,104,1.0,2.5395433475214002e-06,0.025647428617456888
bare silicon all_p01_r1216,284,292,100,108,1.0,6.2710197506820034e-06,0.026740144000962657
bare silicon all_p01_r1217,284,292,104,112,1.0,2.164664107159466e-05,0.030126758143611206
bare silicon all_p01_r1218,284,292,108,116,1.0,2.58754110134409e-05,0.03308174285841894
bare silicon all_p01_r1219,284,292,112,120,1.0,2.3599667345121782e-05,0.03393906932502377
bare silicon all_p01_r1220,284,292,116,124,0.90625,5.4196817580351545e-05,0.03653924291393918
bare silicon all_p01_r1221,288,296,84,92,1.0,0.0024739011498399956,0.0480119777469794
bare silicon all_p01_r1222,288,296,88,96,1.0,0.0038325508552987746,0.0630745882649391
bare silicon all_p01_r1223,288,296,92,100,1.0,0.002108771563288217,0.043572044698277794
bare silicon all_p01_r1224,288,296,96,104,1.0,1.2079129983995587e-05,0.027727624596105293
bare silicon all_p01_r1225,288,296,100,108,1.0,2.3406686240672115e-05,0.030625754389773323
bare silicon all_p01_r1226,288,296,104,112,1.0,2.0117352002360207e-05,0.033840848956679784
bare silicon all_p01_r1227,288,296,108,116,1.0,2.5039319623786018e-05,0.037188449245627864
bare silicon all_p01_r1228,288,296,112,120,0.953125,5.222057133399238e-05,0.03959638984066018
bare silicon all_p01_r1229,292,300,84,92,1.0,0.0023994390773032434,0.0562409751305119
bare silicon all_p01_r1230,292,300,88,96,1.0,0.0035777435435479384,0.06921104487863426
bare silicon all_p01_r1231,292,300,92,100,1.0,0.002087199273894458,0.045621830649875184
bare silicon all_p01_r1232,292,300,96,104,1.0,1.5066513554938219e-05,0.029953766170512482
bare silicon all_p01_r1233,292,300,100,108,1.0,2.2143669016045062e-05,0.034546200865792874
bare silicon all_p01_r1234,292,300,104,112,1.0,1.4959035284046896e-05,0.03625819221012448
bare silicon all_p01_r1235,292,300,108,116,0.953125,3.149342625515294e-05,0.03772120869458757
bare silicon all_p01_r1236,296,304,84,92,0.90625,0.00038042084170242636,0.04135964049824036
bare silicon all_p01_r1237,296,304,88,96,1.0,0.00020678554405409246,0.03554440360977973
bare silicon all_p01_r1238,296,304,92,100,1.0,6.089944614762406e-05,0.03157168032664713
bare silicon all_p01_r1239,296,304,96,104,1.0,2.3931735859947227e-05,0.0336175290867
bare silicon all_p01_r1240,296,304,100,108,1.0,1.583333937149868e-05,0.03649949847018182
bare silicon all_p01_r1241,296,304,104,112,0.984375,4.3648273740622204e-05,0.037753650135285116
bare silicon all_p01_r1242,300,308,88,96,0.984375,0.00010342546323927732,0.035447896810903795
bare silicon all_p01_r1243,300,308,92,100,1.0,2.8146038737184668e-05,0.034671835848824294
bare silicon all_p01_r1244,300,308,96,104,1.0,1.889620249356965e-05,0.03849437221156832
bare silicon all_p01_r1245,300,308,100,108,0.984375,3.956773784291465e-05,0.039344981261886104
bare silicon all_p01_r1246,304,312,92,100,1.0,2.77479513171201e-05,0.03945367050832638
bare silicon all_p01_r1247,304,312,96,104,0.953125,2.4529134784910885e-05,0.041280947438818306
bare silicon all_p01_r1248,308,316,92,100,0.921875,4.1599134864014005e-05,0.04343619350233879
