roi_id,r0,r1,c0,c1,coverage,spectral_variance,mean_reflectance
sio2 all 20 dish white_p03_r0001,32,64,32,64,0.9169921875,0.00014456425840155847,0.033232742581679534
sio2 all 20 dish white_p03_r0002,32,64,64,96,1.0,0.00016774118183023344,0.03970030076635347
sio2 all 20 dish white_p03_r0003,64,96,32,64,1.0,0.0001554852383508461,0.03417493086301032
