roi_id,r0,r1,c0,c1,coverage,spectral_variance,mean_reflectance
bare silicon all_p04_r0001,32,64,32,64,1.0,1.9124249286395158e-05,0.02406297509280306
bare silicon all_p04_r0002,32,64,64,96,0.90234375,7.014423214571195e-05,0.025965934485088486
