roi_id,r0,r1,c0,c1,coverage,spectral_variance
bare silicon all_p05_r0001,32,64,32,64,0.9296875,0.012786367675366962
