roi_id,r0,r1,c0,c1,coverage,spectral_variance,mean_reflectance
bare silicon all_p06_r0001,32,64,32,64,0.90234375,0.0007112004884426943,0.03155988943480227
