roi_id,r0,r1,c0,c1,coverage,spectral_variance,mean_reflectance
sio2 all 20 dish white_p07_r0001,0,32,0,32,0.85546875,0.00013958334984612164,0.020258150902433266
sio2 all 20 dish white_p07_r0002,32,64,0,32,0.8642578125,0.0002428013093938682,0.026677598508400884
sio2 all 20 dish white_p07_r0003,32,64,32,64,0.9970703125,9.447996428856829e-06,0.020065530460347675
