roi_id,r0,r1,c0,c1,coverage,spectral_variance,mean_reflectance
bare silicon all_p02_r0001,32,64,32,64,1.0,7.95572711153416e-06,0.024707442022012784
bare silicon all_p02_r0002,32,64,64,96,1.0,3.5026857602304827e-06,0.02277025429168077
bare silicon all_p02_r0003,32,64,96,128,0.859375,0.0002655577622489583,0.02980227874596951
