roi_id,r0,r1,c0,c1,coverage,spectral_variance,mean_reflectance
bare silicon all_p03_r0001,32,64,0,32,0.88671875,0.0008584390627513106,0.03507219351744988
bare silicon all_p03_r0002,64,96,0,32,0.947265625,0.0007105838013551704,0.029884910479140603
