roi_id,r0,r1,c0,c1,coverage,spectral_variance,mean_reflectance
Dish on Black - 1_p03_r0001,64,96,32,64,1.0,2.0823489604745107e-05,0.013326370088681172
