roi_id,r0,r1,c0,c1,coverage,spectral_variance
bare silicon all_p06_r0001,32,64,32,64,0.90234375,0.06601519496547481
