roi_id,r0,r1,c0,c1,coverage,spectral_variance,mean_reflectance
sio2 all 20 dish white_p01_r0001,4,12,56,64,1.0,1.2368982962000665e-05,0.04380042082542388
sio2 all 20 dish white_p01_r0002,4,12,60,68,1.0,3.138939943484562e-05,0.04606781805146073
sio2 all 20 dish white_p01_r0003,8,16,48,56,0.953125,0.0008540786990210771,0.051928451972698
sio2 all 20 dish white_p01_r0004,8,16,52,60,1.0,1.2993328456477092e-05,0.04292564343910617
sio2 all 20 dish white_p01_r0005,8,16,56,64,1.0,3.720106796446538e-06,0.04117942489231774
sio2 all 20 dish white_p01_r0006,8,16,60,68,1.0,1.837948308922058e-05,0.04297729972767796
sio2 all 20 dish white_p01_r0007,12,20,44,52,0.953125,0.0002082176401364267,0.04927628162778109
sio2 all 20 dish white_p01_r0008,12,20,48,56,1.0,1.8170343605521945e-05,0.045458735030345226
sio2 all 20 dish white_p01_r0009,12,20,52,60,1.0,1.0920168623025047e-05,0.04215278961890644
sio2 all 20 dish white_p01_r0010,12,20,56,64,1.0,2.8062993383880957e-06,0.0406114052017131
sio2 all 20 dish white_p01_r0011,12,20,60,68,1.0,9.579104089047542e-06,0.04189932094574763
sio2 all 20 dish white_p01_r0012,16,24,40,48,0.953125,3.8278532091882506e-05,0.04496586761767529
sio2 all 20 dish white_p01_r0013,16,24,44,52,1.0,1.113534954584655e-05,0.043541214393908005
sio2 all 20 dish white_p01_r0014,16,24,48,56,1.0,1.4551615806157782e-05,0.04313689504353119
sio2 all 20 dish white_p01_r0015,16,24,52,60,1.0,1.0201265955766886e-05,0.04132872950244961
sio2 all 20 dish white_p01_r0016,16,24,56,64,1.0,2.9341718394203e-06,0.04038209616490098
sio2 all 20 dish white_p01_r0017,16,24,60,68,1.0,8.331290270666907e-06,0.04188789705956051
sio2 all 20 dish white_p01_r0018,20,28,36,44,0.953125,4.4961832900555246e-05,0.04347678872549774
sio2 all 20 dish white_p01_r0019,20,28,40,48,1.0,5.504359448609198e-06,0.04195711837246139
sio2 all 20 dish white_p01_r0020,20,28,44,52,1.0,3.793769924211496e-06,0.04104998339803672
sio2 all 20 dish white_p01_r0021,20,28,48,56,1.0,3.555796336603026e-06,0.04042602122190375
sio2 all 20 dish white_p01_r0022,20,28,52,60,1.0,3.2765433731670328e-06,0.039786670560468
sio2 all 20 dish white_p01_r0023,20,28,56,64,1.0,2.8337026853854914e-06,0.03972104400826362
sio2 all 20 dish white_p01_r0024,20,28,60,68,1.0,6.907638412829767e-06,0.04121956455974813
sio2 all 20 dish white_p01_r0025,24,32,32,40,0.9375,3.7205969401605254e-05,0.0404685840062542
sio2 all 20 dish white_p01_r0026,24,32,36,44,1.0,3.485253032943005e-06,0.04052109350698269
sio2 all 20 dish white_p01_r0027,24,32,40,48,1.0,2.7377576175748586e-06,0.040271549108665136
sio2 all 20 dish white_p01_r0028,24,32,44,52,1.0,2.8945024666328092e-06,0.03995317234070883
sio2 all 20 dish white_p01_r0029,24,32,48,56,1.0,2.864974360613704e-06,0.03956053145180268
sio2 all 20 dish white_p01_r0030,24,32,52,60,1.0,3.0281062021352183e-06,0.039083634233240176
sio2 all 20 dish white_p01_r0031,24,32,56,64,1.0,3.3254839818993775e-06,0.0393860762434941
sio2 all 20 dish white_p01_r0032,24,32,60,68,1.0,4.68254736354275e-06,0.040408760079195596
sio2 all 20 dish white_p01_r0033,28,36,28,36,0.90625,2.109216681729225e-05,0.03696054615137003
sio2 all 20 dish white_p01_r0034,28,36,32,40,1.0,6.171900947738727e-06,0.03884893453794894
sio2 all 20 dish white_p01_r0035,28,36,36,44,1.0,2.3905695528061684e-06,0.039554659807959996
sio2 all 20 dish white_p01_r0036,28,36,40,48,1.0,2.453527831119026e-06,0.039418317803697624
sio2 all 20 dish white_p01_r0037,28,36,44,52,1.0,2.784327231456264e-06,0.03913547916564325
sio2 all 20 dish white_p01_r0038,28,36,48,56,1.0,2.9241526690734806e-06,0.03882988293235069
sio2 all 20 dish white_p01_r0039,28,36,52,60,1.0,2.7675152265097022e-06,0.038528827477787006
sio2 all 20 dish white_p01_r0040,28,36,56,64,1.0,3.17848905692988e-06,0.03901250585788208
sio2 all 20 dish white_p01_r0041,28,36,60,68,1.0,3.871322054880785e-06,0.03974460102410194
sio2 all 20 dish white_p01_r0042,28,36,152,160,0.953125,9.246602403860001e-05,0.03992851923439977
sio2 all 20 dish white_p01_r0043,28,36,156,164,1.0,6.7375378703844325e-06,0.03702746830283263
sio2 all 20 dish white_p01_r0044,28,36,160,168,0.984375,8.247678149491404e-06,0.03728468891208829
sio2 all 20 dish white_p01_r0045,28,36,164,172,0.890625,4.5981915359631116e-05,0.04108891583231429
sio2 all 20 dish white_p01_r0046,32,40,24,32,0.890625,2.454610701875607e-05,0.0340568860357314
sio2 all 20 dish white_p01_r0047,32,40,28,36,1.0,1.3075750144361393e-05,0.03648866964985618
sio2 all 20 dish white_p01_r0048,32,40,32,40,1.0,3.631467289521371e-06,0.03829073226241506
sio2 all 20 dish white_p01_r0049,32,40,36,44,1.0,2.2138120477905054e-06,0.03889753307737919
sio2 all 20 dish white_p01_r0050,32,40,40,48,1.0,2.3062360607485937e-06,0.03871335996067909
sio2 all 20 dish white_p01_r0051,32,40,44,52,1.0,2.3202823633724956e-06,0.038360817550728794
sio2 all 20 dish white_p01_r0052,32,40,48,56,1.0,2.4411322625125512e-06,0.03816001397130974
sio2 all 20 dish white_p01_r0053,32,40,52,60,1.0,2.6152846234781183e-06,0.03822689550588277
sio2 all 20 dish white_p01_r0054,32,40,56,64,1.0,2.725063930387024e-06,0.038453608701611526
sio2 all 20 dish white_p01_r0055,32,40,60,68,1.0,7.562598025704698e-06,0.03943772395194537
sio2 all 20 dish white_p01_r0056,32,40,64,72,0.90625,0.00013513856002420825,0.046425076015800475
sio2 all 20 dish white_p01_r0057,32,40,148,156,0.953125,8.673485222777995e-05,0.03881870159584512
sio2 all 20 dish white_p01_r0058,32,40,152,160,1.0,5.4024093114557365e-06,0.03585460497373603
sio2 all 20 dish white_p01_r0059,32,40,156,164,1.0,1.5472476992501036e-05,0.03647931343017571
sio2 all 20 dish white_p01_r0060,32,40,160,168,1.0,3.5158683896111384e-05,0.03871108494244436
sio2 all 20 dish white_p01_r0061,32,40,164,172,1.0,5.007388706779447e-05,0.04324718502684156
sio2 all 20 dish white_p01_r0062,32,40,168,176,1.0,3.5309249249650904e-05,0.046515054478250405
sio2 all 20 dish white_p01_r0063,32,40,172,180,0.90625,8.387535374080182e-05,0.042224854843043225
sio2 all 20 dish white_p01_r0064,36,44,24,32,1.0,1.6400746532103563e-05,0.034030358264574345
sio2 all 20 dish white_p01_r0065,36,44,28,36,1.0,5.7785173050297955e-06,0.036407214676969016
sio2 all 20 dish white_p01_r0066,36,44,32,40,1.0,3.357403101990197e-06,0.03768741636009545
sio2 all 20 dish white_p01_r0067,36,44,36,44,1.0,2.230496091583598e-06,0.03826882801399453
sio2 all 20 dish white_p01_r0068,36,44,40,48,1.0,2.1672756702724677e-06,0.03808169925977298
sio2 all 20 dish white_p01_r0069,36,44,44,52,1.0,2.186858937399183e-06,0.03775124109786327
sio2 all 20 dish white_p01_r0070,36,44,48,56,1.0,2.399728500407304e-06,0.03778157530905532
sio2 all 20 dish white_p01_r0071,36,44,52,60,1.0,2.659564004303722e-06,0.03809473727798813
sio2 all 20 dish white_p01_r0072,36,44,56,64,1.0,2.677226961809393e-06,0.03809213325285404
sio2 all 20 dish white_p01_r0073,36,44,60,68,1.0,1.6045835740582207e-05,0.04001888125916205
sio2 all 20 dish white_p01_r0074,36,44,64,72,0.984375,9.198338619180888e-05,0.04732016715096316
sio2 all 20 dish white_p01_r0075,36,44,148,156,1.0,7.962745792619074e-06,0.03582814357034895
sio2 all 20 dish white_p01_r0076,36,44,152,160,1.0,7.283917371496392e-06,0.03520660345614772
sio2 all 20 dish white_p01_r0077,36,44,156,164,1.0,4.187200220753887e-05,0.038789102398229525
sio2 all 20 dish white_p01_r0078,36,44,160,168,1.0,3.949790745962575e-05,0.043449049455736445
sio2 all 20 dish white_p01_r0079,36,44,164,172,1.0,1.980591858129028e-05,0.04624285509213086
sio2 all 20 dish white_p01_r0080,36,44,168,176,1.0,4.162314644717359e-05,0.04408240484047739
sio2 all 20 dish white_p01_r0081,36,44,172,180,1.0,5.1116535031560576e-05,0.03677870671327777
sio2 all 20 dish white_p01_r0082,36,44,176,184,1.0,4.466629268836797e-05,0.03495732364191517
sio2 all 20 dish white_p01_r0083,36,44,180,188,0.921875,0.00010318125280038418,0.03937539534519397
sio2 all 20 dish white_p01_r0084,40,48,20,28,0.953125,1.1364208497166685e-05,0.03266114053615621
sio2 all 20 dish white_p01_r0085,40,48,24,32,1.0,1.0221012605544759e-05,0.034128172685518994
sio2 all 20 dish white_p01_r0086,40,48,28,36,1.0,4.673012591825475e-06,0.036007371976195836
sio2 all 20 dish white_p01_r0087,40,48,32,40,1.0,3.209871561208073e-06,0.03709923019284691
sio2 all 20 dish white_p01_r0088,40,48,36,44,1.0,2.1655214916535897e-06,0.03764496473625973
sio2 all 20 dish white_p01_r0089,40,48,40,48,1.0,2.2226787156779553e-06,0.03767073944357855
sio2 all 20 dish white_p01_r0090,40,48,44,52,1.0,2.629615584113387e-06,0.03773681827160409
sio2 all 20 dish white_p01_r0091,40,48,48,56,1.0,2.9589210572923613e-06,0.038148351839976384
sio2 all 20 dish white_p01_r0092,40,48,52,60,1.0,3.0796040219628696e-06,0.03804143314146588
sio2 all 20 dish white_p01_r0093,40,48,56,64,1.0,4.109618769376135e-06,0.0378972354258748
sio2 all 20 dish white_p01_r0094,40,48,60,68,1.0,2.282542681546101e-05,0.04112475231801539
sio2 all 20 dish white_p01_r0095,40,48,64,72,1.0,3.562126628863897e-05,0.04751863249815904
sio2 all 20 dish white_p01_r0096,40,48,148,156,1.0,4.4648023619414055e-06,0.034689697385867864
sio2 all 20 dish white_p01_r0097,40,48,152,160,1.0,1.2593066608530341e-05,0.03519755405934718
sio2 all 20 dish white_p01_r0098,40,48,156,164,1.0,4.24246146777301e-05,0.04038146218419817
sio2 all 20 dish white_p01_r0099,40,48,160,168,1.0,1.288212304871064e-05,0.04550378797373028
sio2 all 20 dish white_p01_r0100,40,48,164,172,1.0,4.461348994859709e-06,0.047164154422439465
sio2 all 20 dish white_p01_r0101,40,48,168,176,1.0,5.535207839379504e-05,0.0430554761787791
sio2 all 20 dish white_p01_r0102,40,48,172,180,1.0,5.049960865432117e-05,0.034641264028241824
sio2 all 20 dish white_p01_r0103,40,48,176,184,1.0,4.625728718234381e-06,0.0309272505166012
sio2 all 20 dish white_p01_r0104,40,48,180,188,1.0,2.083870946907439e-05,0.03226679473933016
sio2 all 20 dish white_p01_r0105,40,48,184,192,1.0,8.226767677963295e-05,0.03578266748156366
sio2 all 20 dish white_p01_r0106,40,48,188,196,0.90625,0.00011371609502088449,0.040331648320668184
sio2 all 20 dish white_p01_r0107,44,52,16,24,0.953125,3.09953842462987e-05,0.03043266301712004
sio2 all 20 dish white_p01_r0108,44,52,20,28,1.0,9.573614660045893e-06,0.031010850872741084
sio2 all 20 dish white_p01_r0109,44,52,24,32,1.0,8.530855186887037e-06,0.033332152080192495
sio2 all 20 dish white_p01_r0110,44,52,28,36,1.0,5.0757960127256185e-06,0.03542080153716687
sio2 all 20 dish white_p01_r0111,44,52,32,40,1.0,3.2320580800299332e-06,0.03661729401277278
sio2 all 20 dish white_p01_r0112,44,52,36,44,1.0,2.3692036722398847e-06,0.037006560461377284
sio2 all 20 dish white_p01_r0113,44,52,40,48,1.0,2.797992406427287e-06,0.03729407474966141
sio2 all 20 dish white_p01_r0114,44,52,44,52,1.0,3.0249831872155516e-06,0.0380311989837321
sio2 all 20 dish white_p01_r0115,44,52,48,56,1.0,3.1448212423421324e-06,0.03867467297901903
sio2 all 20 dish white_p01_r0116,44,52,52,60,1.0,4.733869296978653e-06,0.03779885184335628
sio2 all 20 dish white_p01_r0117,44,52,56,64,1.0,9.05223269797503e-06,0.037957467637224046
sio2 all 20 dish white_p01_r0118,44,52,60,68,1.0,2.2421055001122974e-05,0.042093136974747376
sio2 all 20 dish white_p01_r0119,44,52,64,72,1.0,1.867439660837826e-05,0.04745349406100536
sio2 all 20 dish white_p01_r0120,44,52,68,76,0.890625,0.00013936929690441723,0.05564935431007776
sio2 all 20 dish white_p01_r0121,44,52,148,156,1.0,4.25708123873048e-06,0.033573600133930355
sio2 all 20 dish white_p01_r0122,44,52,152,160,1.0,1.2994017415435758e-05,0.03345491893192653
sio2 all 20 dish white_p01_r0123,44,52,156,164,1.0,5.239071350413288e-05,0.03635979389717172
sio2 all 20 dish white_p01_r0124,44,52,160,168,1.0,6.482141271026083e-05,0.0404204820565675
sio2 all 20 dish white_p01_r0125,44,52,164,172,1.0,5.577817564406442e-05,0.04266919674805684
sio2 all 20 dish white_p01_r0126,44,52,168,176,1.0,9.303450531418172e-05,0.038565882060220186
sio2 all 20 dish white_p01_r0127,44,52,172,180,1.0,4.4507175430614e-05,0.03156281459480958
sio2 all 20 dish white_p01_r0128,44,52,176,184,1.0,3.639073903202031e-06,0.029323383936658707
sio2 all 20 dish white_p01_r0129,44,52,180,188,1.0,4.454259617101162e-06,0.03001516345183673
sio2 all 20 dish white_p01_r0130,44,52,184,192,1.0,1.8625123210859486e-05,0.031732271299470476
sio2 all 20 dish white_p01_r0131,44,52,188,196,1.0,6.682408503554448e-05,0.03683723111941033
sio2 all 20 dish white_p01_r0132,44,52,192,200,1.0,6.631079572757673e-05,0.0446384218210578
sio2 all 20 dish white_p01_r0133,44,52,196,204,0.90625,9.525021805414798e-05,0.04470740376633886
sio2 all 20 dish white_p01_r0134,48,56,16,24,1.0,5.5719236832122576e-06,0.028604967510055368
sio2 all 20 dish white_p01_r0135,48,56,20,28,1.0,7.47458214607715e-06,0.030210002029869336
sio2 all 20 dish white_p01_r0136,48,56,24,32,1.0,7.449518639659365e-06,0.03258374469103187
sio2 all 20 dish white_p01_r0137,48,56,28,36,1.0,5.1557147465770975e-06,0.03479622877122656
sio2 all 20 dish white_p01_r0138,48,56,32,40,1.0,3.2549047107587873e-06,0.036176744095588284
sio2 all 20 dish white_p01_r0139,48,56,36,44,1.0,2.389885615499513e-06,0.03647350603690853
sio2 all 20 dish white_p01_r0140,48,56,40,48,1.0,2.7550364726537524e-06,0.036854650375447356
sio2 all 20 dish white_p01_r0141,48,56,44,52,1.0,3.1811017942448644e-06,0.037660411991111725
sio2 all 20 dish white_p01_r0142,48,56,48,56,1.0,4.2553498672743585e-06,0.037809541764261864
sio2 all 20 dish white_p01_r0143,48,56,52,60,1.0,4.7648831172905615e-06,0.036959748020471576
sio2 all 20 dish white_p01_r0144,48,56,56,64,1.0,1.7115735643594073e-05,0.03866197230523499
sio2 all 20 dish white_p01_r0145,48,56,60,68,1.0,1.6203708396675206e-05,0.04319807742560373
sio2 all 20 dish white_p01_r0146,48,56,64,72,1.0,1.434465108673692e-05,0.047284384954422456
sio2 all 20 dish white_p01_r0147,48,56,68,76,0.984375,8.649239770914024e-05,0.053928503474971426
sio2 all 20 dish white_p01_r0148,48,56,144,152,0.953125,8.781569160261475e-05,0.03662014032639335
sio2 all 20 dish white_p01_r0149,48,56,148,156,1.0,3.8392740023573464e-06,0.032428045293552366
sio2 all 20 dish white_p01_r0150,48,56,152,160,1.0,3.2920270660768925e-06,0.03128312543304902
sio2 all 20 dish white_p01_r0151,48,56,156,164,1.0,1.0426360057002762e-05,0.03120409640199266
sio2 all 20 dish white_p01_r0152,48,56,160,168,1.0,4.303797205445919e-05,0.03222892146884235
sio2 all 20 dish white_p01_r0153,48,56,164,172,1.0,7.241172137252658e-05,0.03287483388955967
sio2 all 20 dish white_p01_r0154,48,56,168,176,1.0,5.3855392823573175e-05,0.03052074083911504
sio2 all 20 dish white_p01_r0155,48,56,172,180,1.0,8.218065166931362e-06,0.0279726553877637
sio2 all 20 dish white_p01_r0156,48,56,176,184,1.0,3.1683282380947944e-06,0.028056695094533738
sio2 all 20 dish white_p01_r0157,48,56,180,188,1.0,2.6456420285335518e-05,0.03050797395038453
sio2 all 20 dish white_p01_r0158,48,56,184,192,1.0,9.18628660456919e-05,0.036286245734880145
sio2 all 20 dish white_p01_r0159,48,56,188,196,1.0,8.37872320536383e-05,0.04286503584254532
sio2 all 20 dish white_p01_r0160,48,56,192,200,1.0,3.64043923074674e-05,0.045157280563543824
sio2 all 20 dish white_p01_r0161,48,56,196,204,1.0,9.919717115749348e-05,0.038958898556637464
sio2 all 20 dish white_p01_r0162,48,56,200,208,0.984375,2.795335454545314e-05,0.03186433702252889
sio2 all 20 dish white_p01_r0163,48,56,204,212,0.859375,1.0253187885395298e-05,0.03049516778876395
sio2 all 20 dish white_p01_r0164,52,60,12,20,0.921875,4.191066419140921e-06,0.02770316477686757
sio2 all 20 dish white_p01_r0165,52,60,16,24,1.0,5.3823258146754376e-06,0.028235029458592877
sio2 all 20 dish white_p01_r0166,52,60,20,28,1.0,7.489398201657054e-06,0.030273672896624162
sio2 all 20 dish white_p01_r0167,52,60,24,32,1.0,6.347746321765421e-06,0.03229975368281264
sio2 all 20 dish white_p01_r0168,52,60,28,36,1.0,4.847203273906944e-06,0.03401015544473514
sio2 all 20 dish white_p01_r0169,52,60,32,40,1.0,3.715635962183681e-06,0.03556761451924802
sio2 all 20 dish white_p01_r0170,52,60,36,44,1.0,2.867616086785833e-06,0.03614918599727047
sio2 all 20 dish white_p01_r0171,52,60,40,48,1.0,3.1036099174967383e-06,0.036253531546874475
sio2 all 20 dish white_p01_r0172,52,60,44,52,1.0,3.402050660275705e-06,0.03675134176280071
sio2 all 20 dish white_p01_r0173,52,60,48,56,1.0,3.953587900310234e-06,0.0364000231114338
sio2 all 20 dish white_p01_r0174,52,60,52,60,1.0,7.398450768002097e-06,0.03651372057712713
sio2 all 20 dish white_p01_r0175,52,60,56,64,1.0,2.3184413496804834e-05,0.04010321297482645
sio2 all 20 dish white_p01_r0176,52,60,60,68,1.0,9.513753223230919e-06,0.04436097375352101
sio2 all 20 dish white_p01_r0177,52,60,64,72,1.0,1.4421346338747056e-05,0.047617491947221875
sio2 all 20 dish white_p01_r0178,52,60,68,76,1.0,3.0229167495047777e-05,0.0525289837119398
sio2 all 20 dish white_p01_r0179,52,60,144,152,1.0,4.1776804690695026e-05,0.034310564493850206
sio2 all 20 dish white_p01_r0180,52,60,148,156,1.0,3.6395116709353897e-06,0.03138198557805548
sio2 all 20 dish white_p01_r0181,52,60,152,160,1.0,2.8027382031592202e-06,0.030184385945137896
sio2 all 20 dish white_p01_r0182,52,60,156,164,1.0,3.8306888827890685e-06,0.029172062219436422
sio2 all 20 dish white_p01_r0183,52,60,160,168,1.0,5.2153183670231495e-06,0.02769136056959307
sio2 all 20 dish white_p01_r0184,52,60,164,172,1.0,3.8084402420683567e-06,0.026551917267029303
sio2 all 20 dish white_p01_r0185,52,60,168,176,1.0,2.925490708213275e-06,0.026283791861850384
sio2 all 20 dish white_p01_r0186,52,60,172,180,1.0,2.6407772396467104e-06,0.02643527011579779
sio2 all 20 dish white_p01_r0187,52,60,176,184,1.0,4.428401893654538e-06,0.027222738241704705
sio2 all 20 dish white_p01_r0188,52,60,180,188,1.0,5.5169421550824216e-05,0.032017768271113196
sio2 all 20 dish white_p01_r0189,52,60,184,192,1.0,7.07467652307604e-05,0.040929822607161784
sio2 all 20 dish white_p01_r0190,52,60,188,196,1.0,1.0513142198718941e-05,0.0467987540640344
sio2 all 20 dish white_p01_r0191,52,60,192,200,1.0,3.4228321004919814e-05,0.04517400597036304
sio2 all 20 dish white_p01_r0192,52,60,196,204,1.0,9.769976705174497e-05,0.03648225023774798
sio2 all 20 dish white_p01_r0193,52,60,200,208,1.0,1.629228660774289e-05,0.029159335560508814
sio2 all 20 dish white_p01_r0194,52,60,204,212,1.0,5.331408325604397e-06,0.027990444079752468
sio2 all 20 dish white_p01_r0195,52,60,208,216,0.984375,8.930860970320478e-06,0.028306875083587976
sio2 all 20 dish white_p01_r0196,52,60,212,220,0.859375,1.2640392621928878e-05,0.02848292519126874
sio2 all 20 dish white_p01_r0197,56,64,8,16,0.890625,9.652878096493027e-05,0.02959695335060623
sio2 all 20 dish white_p01_r0198,56,64,12,20,1.0,3.2952441607196264e-06,0.02685639016575764
sio2 all 20 dish white_p01_r0199,56,64,16,24,1.0,6.236799094030262e-06,0.028044495993936033
sio2 all 20 dish white_p01_r0200,56,64,20,28,1.0,9.75882034826078e-06,0.030850811713168214
sio2 all 20 dish white_p01_r0201,56,64,24,32,1.0,6.55318247267875e-06,0.03261192534757556
sio2 all 20 dish white_p01_r0202,56,64,28,36,1.0,4.262158959117458e-06,0.03345744194368225
sio2 all 20 dish white_p01_r0203,56,64,32,40,1.0,7.465208248999241e-06,0.03576214727011379
sio2 all 20 dish white_p01_r0204,56,64,36,44,1.0,7.100008826442918e-06,0.037370309258725254
sio2 all 20 dish white_p01_r0205,56,64,40,48,1.0,6.158675848135001e-06,0.03717799200841224
sio2 all 20 dish white_p01_r0206,56,64,44,52,1.0,4.693865254611699e-06,0.036465157859412456
sio2 all 20 dish white_p01_r0207,56,64,48,56,1.0,3.979674154701076e-06,0.035633117108623415
sio2 all 20 dish white_p01_r0208,56,64,52,60,1.0,2.25081348686891e-05,0.03778228108625468
sio2 all 20 dish white_p01_r0209,56,64,56,64,1.0,2.1433790908071162e-05,0.042476744804409904
sio2 all 20 dish white_p01_r0210,56,64,60,68,1.0,8.369044018510802e-06,0.04547592715444523
sio2 all 20 dish white_p01_r0211,56,64,64,72,1.0,1.7635824367154553e-05,0.04843795469455765
sio2 all 20 dish white_p01_r0212,56,64,68,76,1.0,1.71318321180416e-05,0.052532272655080745
sio2 all 20 dish white_p01_r0213,56,64,72,80,0.921875,6.489507662330877e-05,0.058113614244200626
sio2 all 20 dish white_p01_r0214,56,64,144,152,1.0,8.922952437854832e-06,0.03188978938229001
sio2 all 20 dish white_p01_r0215,56,64,148,156,1.0,3.5452181685806934e-06,0.030108255080090737
sio2 all 20 dish white_p01_r0216,56,64,152,160,1.0,2.9494811587456134e-06,0.028951648103561187
sio2 all 20 dish white_p01_r0217,56,64,156,164,1.0,4.858639425460972e-06,0.02744800025849092
sio2 all 20 dish white_p01_r0218,56,64,160,168,1.0,3.9891007434944024e-06,0.025806035435458917
sio2 all 20 dish white_p01_r0219,56,64,164,172,1.0,2.541805216480814e-06,0.02517487685349179
sio2 all 20 dish white_p01_r0220,56,64,168,176,1.0,2.443589153366881e-06,0.025226579245853482
sio2 all 20 dish white_p01_r0221,56,64,172,180,1.0,2.6225804985167772e-06,0.025442648619688743
sio2 all 20 dish white_p01_r0222,56,64,176,184,1.0,4.685529195379154e-06,0.026128887450674293
sio2 all 20 dish white_p01_r0223,56,64,180,188,1.0,5.2671213454851855e-05,0.02986259148351625
sio2 all 20 dish white_p01_r0224,56,64,184,192,1.0,0.0001049831922079147,0.0365517615242619
sio2 all 20 dish white_p01_r0225,56,64,188,196,1.0,7.884198503465057e-05,0.042002938626257064
sio2 all 20 dish white_p01_r0226,56,64,192,200,1.0,8.110754742847475e-05,0.0408512476654346
sio2 all 20 dish white_p01_r0227,56,64,196,204,1.0,9.615588641629595e-05,0.03287456935667365
sio2 all 20 dish white_p01_r0228,56,64,200,208,1.0,1.4401614526923358e-05,0.02707916465103052
sio2 all 20 dish white_p01_r0229,56,64,204,212,1.0,3.6242182212187063e-06,0.02608941489174579
sio2 all 20 dish white_p01_r0230,56,64,208,216,1.0,3.523136118203663e-06,0.02606275932082929
sio2 all 20 dish white_p01_r0231,56,64,212,220,1.0,4.021737525041259e-06,0.026178955159363616
sio2 all 20 dish white_p01_r0232,56,64,216,224,0.984375,8.583497302738813e-06,0.026628959423140038
sio2 all 20 dish white_p01_r0233,60,68,8,16,0.96875,4.2695169474550486e-05,0.02904539729175507
sio2 all 20 dish white_p01_r0234,60,68,12,20,1.0,3.3997049036499664e-06,0.026494993143519552
sio2 all 20 dish white_p01_r0235,60,68,16,24,1.0,5.685730133443592e-06,0.02780718655326706
sio2 all 20 dish white_p01_r0236,60,68,20,28,1.0,9.610647185826695e-06,0.030295708637241354
sio2 all 20 dish white_p01_r0237,60,68,24,32,1.0,7.205832602391857e-06,0.03207116632069518
sio2 all 20 dish white_p01_r0238,60,68,28,36,1.0,5.345694979508864e-06,0.033158354499296605
sio2 all 20 dish white_p01_r0239,60,68,32,40,1.0,7.825518680623041e-06,0.035643102573571867
sio2 all 20 dish white_p01_r0240,60,68,36,44,1.0,6.101183219709728e-06,0.037760375786466564
sio2 all 20 dish white_p01_r0241,60,68,40,48,1.0,7.133173056738793e-06,0.038747756219499954
sio2 all 20 dish white_p01_r0242,60,68,44,52,1.0,9.332522867377424e-06,0.03781729847937585
sio2 all 20 dish white_p01_r0243,60,68,48,56,1.0,9.335801711412716e-06,0.03674107771034501
sio2 all 20 dish white_p01_r0244,60,68,52,60,1.0,2.3716563099515466e-05,0.03983012537635072
sio2 all 20 dish white_p01_r0245,60,68,56,64,1.0,9.13023816045566e-06,0.04332386230566816
sio2 all 20 dish white_p01_r0246,60,68,60,68,1.0,1.0584189795667168e-05,0.04517398094370539
sio2 all 20 dish white_p01_r0247,60,68,64,72,1.0,1.6921721778771285e-05,0.048456922561773544
sio2 all 20 dish white_p01_r0248,60,68,68,76,1.0,1.2137914997011924e-05,0.052230191807530586
sio2 all 20 dish white_p01_r0249,60,68,72,80,1.0,2.7981865347770544e-05,0.05596393968761324
sio2 all 20 dish white_p01_r0250,60,68,140,148,0.859375,0.00010901035656739353,0.03485273439812393
sio2 all 20 dish white_p01_r0251,60,68,144,152,1.0,4.399434759129073e-06,0.030126010840081666
sio2 all 20 dish white_p01_r0252,60,68,148,156,1.0,3.274070622847367e-06,0.02872815875399464
sio2 all 20 dish white_p01_r0253,60,68,152,160,1.0,4.370365588815963e-06,0.027395373624851622
sio2 all 20 dish white_p01_r0254,60,68,156,164,1.0,4.912733819788218e-06,0.025633886688321676
sio2 all 20 dish white_p01_r0255,60,68,160,168,1.0,2.824055842831965e-06,0.024346603766548732
sio2 all 20 dish white_p01_r0256,60,68,164,172,1.0,2.7166634262117716e-06,0.024076033352487737
sio2 all 20 dish white_p01_r0257,60,68,168,176,1.0,2.7516522259356195e-06,0.024151181522294826
sio2 all 20 dish white_p01_r0258,60,68,172,180,1.0,2.6460568421626213e-06,0.02438930369654485
sio2 all 20 dish white_p01_r0259,60,68,176,184,1.0,2.6963392104081086e-06,0.024879376200547042
sio2 all 20 dish white_p01_r0260,60,68,180,188,1.0,9.450867743206121e-06,0.02619297750087028
sio2 all 20 dish white_p01_r0261,60,68,184,192,1.0,4.732005572022275e-05,0.02848813483971347
sio2 all 20 dish white_p01_r0262,60,68,188,196,1.0,0.00010235178832680112,0.03151033807983918
sio2 all 20 dish white_p01_r0263,60,68,192,200,1.0,9.614348721201614e-05,0.031178325305900822
sio2 all 20 dish white_p01_r0264,60,68,196,204,1.0,3.712820298819491e-05,0.027124144003864988
sio2 all 20 dish white_p01_r0265,60,68,200,208,1.0,3.742968469570175e-06,0.024970932342580524
sio2 all 20 dish white_p01_r0266,60,68,204,212,1.0,3.1864596366765413e-06,0.02480170489558414
sio2 all 20 dish white_p01_r0267,60,68,208,216,1.0,3.0693329676307743e-06,0.024778682977425925
sio2 all 20 dish white_p01_r0268,60,68,212,220,1.0,2.9902119658460604e-06,0.02473673915376328
sio2 all 20 dish white_p01_r0269,60,68,216,224,1.0,3.377726510502212e-06,0.024725606405086337
sio2 all 20 dish white_p01_r0270,60,68,220,228,1.0,4.24068929194619e-06,0.02489964616037317
sio2 all 20 dish white_p01_r0271,60,68,224,232,0.96875,6.613998533941671e-06,0.025298458185436936
sio2 all 20 dish white_p01_r0272,64,72,8,16,0.984375,2.1443215140149132e-05,0.029252880241403014
sio2 all 20 dish white_p01_r0273,64,72,12,20,1.0,5.269337846580184e-06,0.027169757916648742
sio2 all 20 dish white_p01_r0274,64,72,16,24,1.0,4.585453900434079e-06,0.027703633733591502
sio2 all 20 dish white_p01_r0275,64,72,20,28,1.0,6.186740264546761e-06,0.02895760605243447
sio2 all 20 dish white_p01_r0276,64,72,24,32,1.0,6.169301522332953e-06,0.030647758988575878
sio2 all 20 dish white_p01_r0277,64,72,28,36,1.0,5.4164118967260244e-06,0.03225551477768453
sio2 all 20 dish white_p01_r0278,64,72,32,40,1.0,5.285598283854578e-06,0.0341012933149319
sio2 all 20 dish white_p01_r0279,64,72,36,44,1.0,5.516847127692886e-06,0.03592974974064715
sio2 all 20 dish white_p01_r0280,64,72,40,48,1.0,9.70666150657115e-06,0.038245020909203335
sio2 all 20 dish white_p01_r0281,64,72,44,52,1.0,8.743508540331853e-06,0.03929524327056878
sio2 all 20 dish white_p01_r0282,64,72,48,56,1.0,1.6882776387404496e-05,0.03983588766540457
sio2 all 20 dish white_p01_r0283,64,72,52,60,1.0,1.315484116045855e-05,0.04157183102655253
sio2 all 20 dish white_p01_r0284,64,72,56,64,1.0,5.1631776618229155e-06,0.04259914637793309
sio2 all 20 dish white_p01_r0285,64,72,60,68,1.0,1.3551674599828411e-05,0.04470517813320545
sio2 all 20 dish white_p01_r0286,64,72,64,72,1.0,1.431142367211045e-05,0.0484528922116727
sio2 all 20 dish white_p01_r0287,64,72,68,76,1.0,1.0696933054227056e-05,0.05203211611413303
sio2 all 20 dish white_p01_r0288,64,72,72,80,1.0,5.760926703603959e-06,0.054875515035958715
sio2 all 20 dish white_p01_r0289,64,72,76,84,0.921875,7.71055482540852e-05,0.059456232493823036
sio2 all 20 dish white_p01_r0290,64,72,140,148,0.96875,8.563864952337753e-05,0.03333310079301508
sio2 all 20 dish white_p01_r0291,64,72,144,152,1.0,3.610518322868127e-06,0.028935790477491185
sio2 all 20 dish white_p01_r0292,64,72,148,156,1.0,3.593904227077864e-06,0.027513331554922492
sio2 all 20 dish white_p01_r0293,64,72,152,160,1.0,5.062525953342274e-06,0.025704162921872196
sio2 all 20 dish white_p01_r0294,64,72,156,164,1.0,3.406405242038555e-06,0.02401936610543532
sio2 all 20 dish white_p01_r0295,64,72,160,168,1.0,2.457755119113744e-06,0.023270129268896173
sio2 all 20 dish white_p01_r0296,64,72,164,172,1.0,2.475102205458116e-06,0.023039859311465936
sio2 all 20 dish white_p01_r0297,64,72,168,176,1.0,2.5040569290071763e-06,0.02307267497642547
sio2 all 20 dish white_p01_r0298,64,72,172,180,1.0,2.4046491080181766e-06,0.023384705803254822
sio2 all 20 dish white_p01_r0299,64,72,176,184,1.0,2.451892250495604e-06,0.02391748435615712
sio2 all 20 dish white_p01_r0300,64,72,180,188,1.0,2.8522754185510023e-06,0.024565350103269847
sio2 all 20 dish white_p01_r0301,64,72,184,192,1.0,2.868973861291041e-06,0.024821592605437093
sio2 all 20 dish white_p01_r0302,64,72,188,196,1.0,4.128683114757272e-06,0.02496102648147994
sio2 all 20 dish white_p01_r0303,64,72,192,200,1.0,4.582348295590151e-06,0.0248653557635826
sio2 all 20 dish white_p01_r0304,64,72,196,204,1.0,2.9762779057491693e-06,0.024236516917795235
sio2 all 20 dish white_p01_r0305,64,72,200,208,1.0,2.3154615871607387e-06,0.02385496578179241
sio2 all 20 dish white_p01_r0306,64,72,204,212,1.0,2.53662491730996e-06,0.023756143097367368
sio2 all 20 dish white_p01_r0307,64,72,208,216,1.0,2.6637291266684856e-06,0.023721464834813764
sio2 all 20 dish white_p01_r0308,64,72,212,220,1.0,2.679286827234432e-06,0.023693714972425905
sio2 all 20 dish white_p01_r0309,64,72,216,224,1.0,2.731022987325246e-06,0.023649859212464753
sio2 all 20 dish white_p01_r0310,64,72,220,228,1.0,2.75743530698098e-06,0.023598479276824673
sio2 all 20 dish white_p01_r0311,64,72,224,232,1.0,2.98705515022154e-06,0.023629812197312874
sio2 all 20 dish white_p01_r0312,64,72,228,236,1.0,3.4952151394931574e-06,0.02356171165322398
sio2 all 20 dish white_p01_r0313,64,72,232,240,0.984375,9.326056264444467e-06,0.023884182513569212
sio2 all 20 dish white_p01_r0314,68,76,4,12,0.96875,2.5292835493905588e-05,0.03027442874883421
sio2 all 20 dish white_p01_r0315,68,76,8,16,1.0,1.0076047722433035e-05,0.029669526440157242
sio2 all 20 dish white_p01_r0316,68,76,12,20,1.0,9.497685976002036e-06,0.029375973165559486
sio2 all 20 dish white_p01_r0317,68,76,16,24,1.0,5.9123700857762804e-06,0.028363145518076862
sio2 all 20 dish white_p01_r0318,68,76,20,28,1.0,5.222242441051405e-06,0.028345853881919267
sio2 all 20 dish white_p01_r0319,68,76,24,32,1.0,5.384523356342006e-06,0.029555457869137266
sio2 all 20 dish white_p01_r0320,68,76,28,36,1.0,4.417220847940942e-06,0.031168046508783125
sio2 all 20 dish white_p01_r0321,68,76,32,40,1.0,4.653928395774068e-06,0.03306931475179123
sio2 all 20 dish white_p01_r0322,68,76,36,44,1.0,5.497829836246599e-06,0.03515851824624338
sio2 all 20 dish white_p01_r0323,68,76,40,48,1.0,6.6174019088092545e-06,0.03714065712811601
sio2 all 20 dish white_p01_r0324,68,76,44,52,1.0,1.9188932299279074e-05,0.03983241973934128
sio2 all 20 dish white_p01_r0325,68,76,48,56,1.0,3.388888602428843e-05,0.04353045571434802
sio2 all 20 dish white_p01_r0326,68,76,52,60,1.0,1.9910440163565163e-05,0.04347554093498536
sio2 all 20 dish white_p01_r0327,68,76,56,64,1.0,1.0176484398518413e-05,0.04266431625386188
sio2 all 20 dish white_p01_r0328,68,76,60,68,1.0,1.4849402322287149e-05,0.04573359580319706
sio2 all 20 dish white_p01_r0329,68,76,64,72,1.0,1.0078087629551814e-05,0.04915450847488901
sio2 all 20 dish white_p01_r0330,68,76,68,76,1.0,8.846121205832813e-06,0.05221683197955172
sio2 all 20 dish white_p01_r0331,68,76,72,80,1.0,4.959987438670735e-06,0.05465384424559747
sio2 all 20 dish white_p01_r0332,68,76,76,84,1.0,1.9531514214669526e-05,0.056616999917201906
sio2 all 20 dish white_p01_r0333,68,76,140,148,1.0,3.1009668492369113e-05,0.030742430505288597
sio2 all 20 dish white_p01_r0334,68,76,144,152,1.0,3.762135896466868e-06,0.027879093793142722
sio2 all 20 dish white_p01_r0335,68,76,148,156,1.0,5.156997192474161e-06,0.02607157966030334
sio2 all 20 dish white_p01_r0336,68,76,152,160,1.0,4.511870130865537e-06,0.024009091802232565
sio2 all 20 dish white_p01_r0337,68,76,156,164,1.0,2.385419167025299e-06,0.022926730050985278
sio2 all 20 dish white_p01_r0338,68,76,160,168,1.0,2.2211873741503053e-06,0.022521318985851982
sio2 all 20 dish white_p01_r0339,68,76,164,172,1.0,2.2168479923593996e-06,0.022171417701208986
sio2 all 20 dish white_p01_r0340,68,76,168,176,1.0,2.231874249779099e-06,0.022190355335371153
sio2 all 20 dish white_p01_r0341,68,76,172,180,1.0,2.144805018159965e-06,0.022492341114220292
sio2 all 20 dish white_p01_r0342,68,76,176,184,1.0,2.0643241427129248e-06,0.02296360218383252
sio2 all 20 dish white_p01_r0343,68,76,180,188,1.0,2.0911561020305747e-06,0.023429326769936823
sio2 all 20 dish white_p01_r0344,68,76,184,192,1.0,2.071058952003001e-06,0.02373407498639246
sio2 all 20 dish white_p01_r0345,68,76,188,196,1.0,1.914304940027726e-06,0.02385977995451738
sio2 all 20 dish white_p01_r0346,68,76,192,200,1.0,1.9752024825524815e-06,0.023718288137059056
sio2 all 20 dish white_p01_r0347,68,76,196,204,1.0,2.053634301356151e-06,0.02333730535481579
sio2 all 20 dish white_p01_r0348,68,76,200,208,1.0,1.8663485278545461e-06,0.023069131290683508
sio2 all 20 dish white_p01_r0349,68,76,204,212,1.0,1.7557886690323027e-06,0.022954798384891884
sio2 all 20 dish white_p01_r0350,68,76,208,216,1.0,1.774091125146487e-06,0.02289970205487647
sio2 all 20 dish white_p01_r0351,68,76,212,220,1.0,2.104484234855958e-06,0.022986783821377903
sio2 all 20 dish white_p01_r0352,68,76,216,224,1.0,2.5126423903794734e-06,0.02297058650811728
sio2 all 20 dish white_p01_r0353,68,76,220,228,1.0,2.3303619549150997e-06,0.022829389052379773
sio2 all 20 dish white_p01_r0354,68,76,224,232,1.0,2.442736832887479e-06,0.022759846334726035
sio2 all 20 dish white_p01_r0355,68,76,228,236,1.0,2.8597044413836308e-06,0.022538958191032386
sio2 all 20 dish white_p01_r0356,68,76,232,240,1.0,2.577108621295269e-06,0.02249989449653185
sio2 all 20 dish white_p01_r0357,68,76,236,244,0.984375,2.783679363513252e-06,0.022905032978999946
sio2 all 20 dish white_p01_r0358,72,80,4,12,0.90625,1.3156730946550175e-05,0.027032128630932194
sio2 all 20 dish white_p01_r0359,72,80,8,16,1.0,1.6689471047440734e-05,0.027669069081069874
sio2 all 20 dish white_p01_r0360,72,80,12,20,1.0,1.2451548926538028e-05,0.02911346079552679
sio2 all 20 dish white_p01_r0361,72,80,16,24,1.0,6.790595940953911e-06,0.028670908015873783
sio2 all 20 dish white_p01_r0362,72,80,20,28,1.0,5.167931620897524e-06,0.028135371012406766
sio2 all 20 dish white_p01_r0363,72,80,24,32,1.0,5.9786726871308435e-06,0.02939935723837105
sio2 all 20 dish white_p01_r0364,72,80,28,36,1.0,5.981320263513e-06,0.031343122773657216
sio2 all 20 dish white_p01_r0365,72,80,32,40,1.0,7.929238249862782e-06,0.03355436864258122
sio2 all 20 dish white_p01_r0366,72,80,36,44,1.0,6.621088829543171e-06,0.035232827080875835
sio2 all 20 dish white_p01_r0367,72,80,40,48,1.0,7.1775668508585665e-06,0.0359387387669273
sio2 all 20 dish white_p01_r0368,72,80,44,52,1.0,5.9541058457276086e-05,0.04088685081586802
sio2 all 20 dish white_p01_r0369,72,80,48,56,1.0,4.189715050345843e-05,0.04638686388817879
sio2 all 20 dish white_p01_r0370,72,80,52,60,1.0,2.5067751316596863e-05,0.044465216360328685
sio2 all 20 dish white_p01_r0371,72,80,56,64,1.0,1.4485647477211436e-05,0.04357222342202443
sio2 all 20 dish white_p01_r0372,72,80,60,68,1.0,1.0492781819455115e-05,0.046882898801780315
sio2 all 20 dish white_p01_r0373,72,80,64,72,1.0,6.8527449554883596e-06,0.049569562172453514
sio2 all 20 dish white_p01_r0374,72,80,68,76,1.0,8.561258818260064e-06,0.052218395237364275
sio2 all 20 dish white_p01_r0375,72,80,72,80,1.0,5.705102942266644e-06,0.05424414872633933
sio2 all 20 dish white_p01_r0376,72,80,76,84,1.0,4.6217265738715925e-06,0.05479405453014216
sio2 all 20 dish white_p01_r0377,72,80,80,88,0.9375,5.8592098664848045e-05,0.0572283154903812
sio2 all 20 dish white_p01_r0378,72,80,140,148,1.0,5.87523032618217e-06,0.02874811765778835
sio2 all 20 dish white_p01_r0379,72,80,144,152,1.0,4.287826702655953e-06,0.02668539738030077
sio2 all 20 dish white_p01_r0380,72,80,148,156,1.0,5.248649979209874e-06,0.02444326378939441
sio2 all 20 dish white_p01_r0381,72,80,152,160,1.0,2.5477816821632417e-06,0.022672111281062845
sio2 all 20 dish white_p01_r0382,72,80,156,164,1.0,2.117120116558408e-06,0.02227243825752174
sio2 all 20 dish white_p01_r0383,72,80,160,168,1.0,2.279352414999137e-06,0.021929211302027164
sio2 all 20 dish white_p01_r0384,72,80,164,172,1.0,1.81381880545939e-06,0.021425641468157005
sio2 all 20 dish white_p01_r0385,72,80,168,176,1.0,1.9287168143557963e-06,0.02143835960040105
sio2 all 20 dish white_p01_r0386,72,80,172,180,1.0,1.8423105985106533e-06,0.02170379989682146
sio2 all 20 dish white_p01_r0387,72,80,176,184,1.0,1.8548589216356588e-06,0.02213915394622449
sio2 all 20 dish white_p01_r0388,72,80,180,188,1.0,1.966704686731251e-06,0.02263036833842037
sio2 all 20 dish white_p01_r0389,72,80,184,192,1.0,1.989575407423677e-06,0.022965835066190526
sio2 all 20 dish white_p01_r0390,72,80,188,196,1.0,1.7609180576520867e-06,0.023096079999953587
sio2 all 20 dish white_p01_r0391,72,80,192,200,1.0,1.7127999757857492e-06,0.02300628151300271
sio2 all 20 dish white_p01_r0392,72,80,196,204,1.0,1.8051458124641258e-06,0.022688804108099432
sio2 all 20 dish white_p01_r0393,72,80,200,208,1.0,1.6096220896616812e-06,0.022425747418864477
sio2 all 20 dish white_p01_r0394,72,80,204,212,1.0,1.5124753579887822e-06,0.02235727775678601
sio2 all 20 dish white_p01_r0395,72,80,208,216,1.0,1.5772441969134892e-06,0.022328761991428955
sio2 all 20 dish white_p01_r0396,72,80,212,220,1.0,1.8051867886914044e-06,0.022447108549372787
sio2 all 20 dish white_p01_r0397,72,80,216,224,1.0,1.928156504586171e-06,0.022441539592362395
sio2 all 20 dish white_p01_r0398,72,80,220,228,1.0,1.7907045772002994e-06,0.02231588891069776
sio2 all 20 dish white_p01_r0399,72,80,224,232,1.0,1.6476652990496475e-06,0.022300634991166947
sio2 all 20 dish white_p01_r0400,72,80,228,236,1.0,1.8095985643524564e-06,0.02220644152067836
sio2 all 20 dish white_p01_r0401,72,80,232,240,1.0,2.036309797972106e-06,0.022330832220702968
sio2 all 20 dish white_p01_r0402,72,80,236,244,1.0,2.1472098942939103e-06,0.022484765091722862
sio2 all 20 dish white_p01_r0403,72,80,240,248,1.0,1.968711086948187e-06,0.022563385583173855
sio2 all 20 dish white_p01_r0404,72,80,244,252,0.984375,2.6110528388226474e-06,0.023047333221609297
sio2 all 20 dish white_p01_r0405,76,84,4,12,0.90625,3.4256428580297005e-06,0.023709646220155003
sio2 all 20 dish white_p01_r0406,76,84,8,16,1.0,5.231479032528823e-06,0.023687570409837662
sio2 all 20 dish white_p01_r0407,76,84,12,20,1.0,1.1244969927899867e-05,0.02560372212816512
sio2 all 20 dish white_p01_r0408,76,84,16,24,1.0,7.938370494483658e-06,0.026908477601094098
sio2 all 20 dish white_p01_r0409,76,84,20,28,1.0,5.906308149281331e-06,0.027260732280935222
sio2 all 20 dish white_p01_r0410,76,84,24,32,1.0,7.481827903021409e-06,0.02931689746628017
sio2 all 20 dish white_p01_r0411,76,84,28,36,1.0,6.076216336131193e-06,0.031458841768052324
sio2 all 20 dish white_p01_r0412,76,84,32,40,1.0,8.12402156232294e-06,0.03275892313535657
sio2 all 20 dish white_p01_r0413,76,84,36,44,1.0,8.294128637072156e-06,0.03332734845960325
sio2 all 20 dish white_p01_r0414,76,84,40,48,1.0,1.1491694690586884e-05,0.033520858398218036
sio2 all 20 dish white_p01_r0415,76,84,44,52,1.0,8.195529739612237e-05,0.0379332937306397
sio2 all 20 dish white_p01_r0416,76,84,48,56,1.0,9.620111310258479e-05,0.04137174317247029
sio2 all 20 dish white_p01_r0417,76,84,52,60,1.0,6.071108511834864e-05,0.040865204979005705
sio2 all 20 dish white_p01_r0418,76,84,56,64,1.0,3.6297778415037596e-05,0.04351856492493926
sio2 all 20 dish white_p01_r0419,76,84,60,68,1.0,1.9509577418732307e-05,0.04637723963920437
sio2 all 20 dish white_p01_r0420,76,84,64,72,1.0,2.0822760450750186e-05,0.04767037194579622
sio2 all 20 dish white_p01_r0421,76,84,68,76,1.0,3.240696664765703e-05,0.0493197594059674
sio2 all 20 dish white_p01_r0422,76,84,72,80,1.0,4.042677168581572e-05,0.05042252340400041
sio2 all 20 dish white_p01_r0423,76,84,76,84,1.0,3.152345450647828e-05,0.051300800664102225
sio2 all 20 dish white_p01_r0424,76,84,80,88,1.0,3.131514274862568e-05,0.0532659490884405
sio2 all 20 dish white_p01_r0425,76,84,136,144,0.90625,4.9485181177621474e-05,0.031682380665141285
sio2 all 20 dish white_p01_r0426,76,84,140,148,1.0,4.9443968979475085e-06,0.027870632580500796
sio2 all 20 dish white_p01_r0427,76,84,144,152,1.0,6.121753039467535e-06,0.025323802720066575
sio2 all 20 dish white_p01_r0428,76,84,148,156,1.0,3.65489498210052e-06,0.023035331566326794
sio2 all 20 dish white_p01_r0429,76,84,152,160,1.0,1.7959644920394112e-06,0.021909699331278995
sio2 all 20 dish white_p01_r0430,76,84,156,164,1.0,2.018337684251619e-06,0.021552674076804616
sio2 all 20 dish white_p01_r0431,76,84,160,168,1.0,1.9755282796950703e-06,0.021167465847573876
sio2 all 20 dish white_p01_r0432,76,84,164,172,1.0,1.5668407887917877e-06,0.02085063620652883
sio2 all 20 dish white_p01_r0433,76,84,168,176,1.0,1.6886615770655782e-06,0.020892975790744936
sio2 all 20 dish white_p01_r0434,76,84,172,180,1.0,1.6394824109486607e-06,0.021146450738040445
sio2 all 20 dish white_p01_r0435,76,84,176,184,1.0,1.7185647480432971e-06,0.021628246443870135
sio2 all 20 dish white_p01_r0436,76,84,180,188,1.0,1.7408905640586308e-06,0.022204118471846463
sio2 all 20 dish white_p01_r0437,76,84,184,192,1.0,1.5939643169576642e-06,0.022557768108269302
sio2 all 20 dish white_p01_r0438,76,84,188,196,1.0,1.3131317388853242e-06,0.022687970491691533
sio2 all 20 dish white_p01_r0439,76,84,192,200,1.0,1.3468209052779592e-06,0.02265533070812835
sio2 all 20 dish white_p01_r0440,76,84,196,204,1.0,1.5601443671254024e-06,0.022321823730356842
sio2 all 20 dish white_p01_r0441,76,84,200,208,1.0,1.3975335916891896e-06,0.02204628353675984
sio2 all 20 dish white_p01_r0442,76,84,204,212,1.0,1.4204436686142065e-06,0.022080258113990194
sio2 all 20 dish white_p01_r0443,76,84,208,216,1.0,1.4825128110061456e-06,0.02216420421665634
sio2 all 20 dish white_p01_r0444,76,84,212,220,1.0,1.4437576522364827e-06,0.022362218713655964
sio2 all 20 dish white_p01_r0445,76,84,216,224,1.0,1.547203002782485e-06,0.022359831669928932
sio2 all 20 dish white_p01_r0446,76,84,220,228,1.0,1.5107728308775176e-06,0.02213529195851442
sio2 all 20 dish white_p01_r0447,76,84,224,232,1.0,1.681983094731562e-06,0.022259937312625912
sio2 all 20 dish white_p01_r0448,76,84,228,236,1.0,2.077247071428443e-06,0.022721396295142443
sio2 all 20 dish white_p01_r0449,76,84,232,240,1.0,2.2200836431385058e-06,0.02296598629873395
sio2 all 20 dish white_p01_r0450,76,84,236,244,1.0,2.103118862090922e-06,0.022848629934670805
sio2 all 20 dish white_p01_r0451,76,84,240,248,1.0,1.9870310333790214e-06,0.022678540011638628
sio2 all 20 dish white_p01_r0452,76,84,244,252,1.0,1.842851500805534e-06,0.02286389329824944
sio2 all 20 dish white_p01_r0453,80,88,8,16,0.859375,2.242249217462583e-06,0.022497088563620236
sio2 all 20 dish white_p01_r0454,80,88,12,20,1.0,4.913879977493021e-06,0.023231283676596846
sio2 all 20 dish white_p01_r0455,80,88,16,24,1.0,5.597331509663221e-06,0.024597527651053306
sio2 all 20 dish white_p01_r0456,80,88,20,28,1.0,5.9111622153131e-06,0.02593595173991413
sio2 all 20 dish white_p01_r0457,80,88,24,32,1.0,7.43846281240795e-06,0.028311266456657193
sio2 all 20 dish white_p01_r0458,80,88,28,36,1.0,5.995710953193395e-06,0.03015276311935866
sio2 all 20 dish white_p01_r0459,80,88,32,40,1.0,3.5612961718671164e-06,0.03073619008140417
sio2 all 20 dish white_p01_r0460,80,88,36,44,1.0,2.3720004715471753e-06,0.031102090263305033
sio2 all 20 dish white_p01_r0461,80,88,40,48,1.0,6.526354766728053e-06,0.031032512500059173
sio2 all 20 dish white_p01_r0462,80,88,44,52,1.0,3.263326756005716e-05,0.031339027551331555
sio2 all 20 dish white_p01_r0463,80,88,48,56,1.0,5.417991820251677e-05,0.03129437372244637
sio2 all 20 dish white_p01_r0464,80,88,52,60,1.0,8.437327016219681e-05,0.031903824629174515
sio2 all 20 dish white_p01_r0465,80,88,56,64,1.0,0.000142154167441504,0.03472039738996872
sio2 all 20 dish white_p01_r0466,80,88,60,68,1.0,0.0001491840230942996,0.036636743207702195
sio2 all 20 dish white_p01_r0467,80,88,64,72,1.0,0.000130514075490687,0.038043162967956005
sio2 all 20 dish white_p01_r0468,80,88,68,76,1.0,0.00012057786984246194,0.040673672279390956
sio2 all 20 dish white_p01_r0469,80,88,72,80,1.0,9.785766205197736e-05,0.04330392092123188
sio2 all 20 dish white_p01_r0470,80,88,76,84,1.0,6.929262825134842e-05,0.0460956131072795
sio2 all 20 dish white_p01_r0471,80,88,80,88,1.0,3.7685196656576985e-05,0.048981647488607026
sio2 all 20 dish white_p01_r0472,80,88,84,92,0.890625,6.338500452574644e-05,0.0533318743631683
sio2 all 20 dish white_p01_r0473,80,88,136,144,0.96875,2.1673633121354457e-05,0.029978332702342715
sio2 all 20 dish white_p01_r0474,80,88,140,148,1.0,7.497423183438786e-06,0.02668022730953032
sio2 all 20 dish white_p01_r0475,80,88,144,152,1.0,5.713258424633877e-06,0.023813254947657545
sio2 all 20 dish white_p01_r0476,80,88,148,156,1.0,2.542934971340377e-06,0.022050571239149087
sio2 all 20 dish white_p01_r0477,80,88,152,160,1.0,1.8851571266411515e-06,0.021310189044875496
sio2 all 20 dish white_p01_r0478,80,88,156,164,1.0,1.73902814659461e-06,0.020839390107758104
sio2 all 20 dish white_p01_r0479,80,88,160,168,1.0,1.5825401225264847e-06,0.02049946491821561
sio2 all 20 dish white_p01_r0480,80,88,164,172,1.0,1.517962416170014e-06,0.020389937906102423
sio2 all 20 dish white_p01_r0481,80,88,168,176,1.0,1.561782456224061e-06,0.02046366138979399
sio2 all 20 dish white_p01_r0482,80,88,172,180,1.0,1.6252978577501824e-06,0.02073600663267463
sio2 all 20 dish white_p01_r0483,80,88,176,184,1.0,1.8048813341255855e-06,0.021274233640647757
sio2 all 20 dish white_p01_r0484,80,88,180,188,1.0,1.831444409777384e-06,0.021972620293978194
sio2 all 20 dish white_p01_r0485,80,88,184,192,1.0,1.4581123896307143e-06,0.02237658126931462
sio2 all 20 dish white_p01_r0486,80,88,188,196,1.0,1.3500137375147948e-06,0.02249349048099635
sio2 all 20 dish white_p01_r0487,80,88,192,200,1.0,1.3846912248663038e-06,0.02250852962396323
sio2 all 20 dish white_p01_r0488,80,88,196,204,1.0,1.5668745345037059e-06,0.022194268707615237
sio2 all 20 dish white_p01_r0489,80,88,200,208,1.0,1.3581906123982457e-06,0.021954469512885644
sio2 all 20 dish white_p01_r0490,80,88,204,212,1.0,1.411100281568905e-06,0.021957985971288667
sio2 all 20 dish white_p01_r0491,80,88,208,216,1.0,1.5377037328227933e-06,0.022046555469901263
sio2 all 20 dish white_p01_r0492,80,88,212,220,1.0,1.474330071137109e-06,0.022390120968021055
sio2 all 20 dish white_p01_r0493,80,88,216,224,1.0,1.4339929189755002e-06,0.02247698713308003
sio2 all 20 dish white_p01_r0494,80,88,220,228,1.0,1.50494800157235e-06,0.022220382111664844
sio2 all 20 dish white_p01_r0495,80,88,224,232,1.0,2.3271644683014758e-06,0.022623582923462414
sio2 all 20 dish white_p01_r0496,80,88,228,236,1.0,2.488389070254997e-06,0.023538629933445465
sio2 all 20 dish white_p01_r0497,80,88,232,240,1.0,2.242916914981714e-06,0.023804749968905376
sio2 all 20 dish white_p01_r0498,80,88,236,244,1.0,1.998537515026241e-06,0.023652722366907013
sio2 all 20 dish white_p01_r0499,80,88,240,248,1.0,2.213036201983648e-06,0.02352189394298673
sio2 all 20 dish white_p01_r0500,80,88,244,252,0.90625,2.2486454563011893e-06,0.023627646162051784
sio2 all 20 dish white_p01_r0501,84,92,16,24,0.96875,4.001565810719302e-06,0.023775406118996624
sio2 all 20 dish white_p01_r0502,84,92,20,28,1.0,5.242781900262795e-06,0.02531936187179424
sio2 all 20 dish white_p01_r0503,84,92,24,32,1.0,5.215931957699199e-06,0.027340425528238232
sio2 all 20 dish white_p01_r0504,84,92,28,36,1.0,4.3031460901537564e-06,0.02900998220925383
sio2 all 20 dish white_p01_r0505,84,92,32,40,1.0,2.6023861976057243e-06,0.030136089470893055
sio2 all 20 dish white_p01_r0506,84,92,36,44,1.0,1.966397073981376e-06,0.030561685930803453
sio2 all 20 dish white_p01_r0507,84,92,40,48,1.0,2.4638266168757364e-06,0.029760105716806706
sio2 all 20 dish white_p01_r0508,84,92,44,52,1.0,3.4841656811422977e-06,0.028141512078713696
sio2 all 20 dish white_p01_r0509,84,92,48,56,1.0,2.2313164089031907e-06,0.026813333344153586
sio2 all 20 dish white_p01_r0510,84,92,52,60,1.0,1.941706122495335e-06,0.02626447465634783
sio2 all 20 dish white_p01_r0511,84,92,56,64,1.0,4.0000327400472505e-06,0.02625031252384891
sio2 all 20 dish white_p01_r0512,84,92,60,68,1.0,1.3412132713014828e-05,0.026765659047609407
sio2 all 20 dish white_p01_r0513,84,92,64,72,1.0,4.192266905972627e-05,0.028048538979796228
sio2 all 20 dish white_p01_r0514,84,92,68,76,1.0,9.45128476941838e-05,0.030510338548475725
sio2 all 20 dish white_p01_r0515,84,92,72,80,1.0,0.00014322602934437333,0.033291516887441475
sio2 all 20 dish white_p01_r0516,84,92,76,84,1.0,0.00017719806808553213,0.035655608403986
sio2 all 20 dish white_p01_r0517,84,92,80,88,1.0,0.00019151865277943045,0.037702248220844406
sio2 all 20 dish white_p01_r0518,84,92,84,92,0.984375,0.0002326241872881007,0.04121401485968197
sio2 all 20 dish white_p01_r0519,84,92,132,140,0.890625,3.342670877708914e-05,0.031962498849502
sio2 all 20 dish white_p01_r0520,84,92,136,144,1.0,7.5474433949390915e-06,0.028504606552639058
sio2 all 20 dish white_p01_r0521,84,92,140,148,1.0,8.103122023699844e-06,0.02513844547198713
sio2 all 20 dish white_p01_r0522,84,92,144,152,1.0,3.087174423203097e-06,0.02262491486554153
sio2 all 20 dish white_p01_r0523,84,92,148,156,1.0,2.1491760646490243e-06,0.02150331296449727
sio2 all 20 dish white_p01_r0524,84,92,152,160,1.0,1.7225347142973064e-06,0.02079336828444386
sio2 all 20 dish white_p01_r0525,84,92,156,164,1.0,1.5684875382185078e-06,0.020341285464692542
sio2 all 20 dish white_p01_r0526,84,92,160,168,1.0,1.6174463886637508e-06,0.020062061284440547
sio2 all 20 dish white_p01_r0527,84,92,164,172,1.0,1.4829102384699672e-06,0.019947976469061313
sio2 all 20 dish white_p01_r0528,84,92,168,176,1.0,1.4816718142704675e-06,0.02003813113697886
sio2 all 20 dish white_p01_r0529,84,92,172,180,1.0,1.6133142383796383e-06,0.020358411139960387
sio2 all 20 dish white_p01_r0530,84,92,176,184,1.0,1.8014210352982782e-06,0.020905173909763396
sio2 all 20 dish white_p01_r0531,84,92,180,188,1.0,1.810685283961056e-06,0.02161921509471148
sio2 all 20 dish white_p01_r0532,84,92,184,192,1.0,1.686783691396221e-06,0.02222526540121347
sio2 all 20 dish white_p01_r0533,84,92,188,196,1.0,1.5688463685919193e-06,0.022519181808286007
sio2 all 20 dish white_p01_r0534,84,92,192,200,1.0,1.3583370132948658e-06,0.022439838719689423
sio2 all 20 dish white_p01_r0535,84,92,196,204,1.0,1.3755993185988428e-06,0.02210469546009306
sio2 all 20 dish white_p01_r0536,84,92,200,208,1.0,1.3864497554710824e-06,0.0219511535577346
sio2 all 20 dish white_p01_r0537,84,92,204,212,1.0,1.4163534457162188e-06,0.02189762553162744
sio2 all 20 dish white_p01_r0538,84,92,208,216,1.0,1.3282817976192808e-06,0.021916583237741708
sio2 all 20 dish white_p01_r0539,84,92,212,220,1.0,1.4177170038312364e-06,0.022211059347689913
sio2 all 20 dish white_p01_r0540,84,92,216,224,1.0,1.4207388678627792e-06,0.02239334756495354
sio2 all 20 dish white_p01_r0541,84,92,220,228,1.0,1.5620947876836721e-06,0.022521712855608587
sio2 all 20 dish white_p01_r0542,84,92,224,232,1.0,2.9875252356711922e-06,0.023504326951328643
sio2 all 20 dish white_p01_r0543,84,92,228,236,1.0,2.9623509515878894e-06,0.02454149897548337
sio2 all 20 dish white_p01_r0544,84,92,232,240,1.0,2.891639647168181e-06,0.024436909202041477
sio2 all 20 dish white_p01_r0545,84,92,236,244,1.0,2.1294496682045255e-06,0.023961440097432944
sio2 all 20 dish white_p01_r0546,84,92,240,248,0.921875,1.9462360666727206e-06,0.023886037495871402
sio2 all 20 dish white_p01_r0547,88,96,24,32,0.921875,7.405895511141358e-06,0.027944345593852667
sio2 all 20 dish white_p01_r0548,88,96,28,36,1.0,5.9991925288617485e-06,0.0294986257209918
sio2 all 20 dish white_p01_r0549,88,96,32,40,1.0,3.957643664842965e-06,0.03057799642838916
sio2 all 20 dish white_p01_r0550,88,96,36,44,1.0,2.9460795714392096e-06,0.030715144020540854
sio2 all 20 dish white_p01_r0551,88,96,40,48,1.0,3.7989322186182052e-06,0.029528407910718
sio2 all 20 dish white_p01_r0552,88,96,44,52,1.0,3.792877314724717e-06,0.027895426582780943
sio2 all 20 dish white_p01_r0553,88,96,48,56,1.0,2.478869060323243e-06,0.02688020464906362
sio2 all 20 dish white_p01_r0554,88,96,52,60,1.0,2.2664109558059807e-06,0.026481220473142962
sio2 all 20 dish white_p01_r0555,88,96,56,64,1.0,1.8704102978314656e-06,0.026123115217111487
sio2 all 20 dish white_p01_r0556,88,96,60,68,1.0,1.639491292698294e-06,0.025845189010251356
sio2 all 20 dish white_p01_r0557,88,96,64,72,1.0,1.6237297613483e-06,0.025788557797619245
sio2 all 20 dish white_p01_r0558,88,96,68,76,1.0,2.0642534580113276e-06,0.026186725982769825
sio2 all 20 dish white_p01_r0559,88,96,72,80,1.0,2.0591558118653924e-06,0.02678679631457983
sio2 all 20 dish white_p01_r0560,88,96,76,84,1.0,2.9733604140996225e-06,0.027238313092917986
sio2 all 20 dish white_p01_r0561,88,96,80,88,1.0,6.5338479450802655e-06,0.02777468112871803
sio2 all 20 dish white_p01_r0562,88,96,84,92,1.0,2.9544566128494616e-05,0.029520561326553747
sio2 all 20 dish white_p01_r0563,88,96,136,144,0.90625,1.140683604885916e-05,0.027775308669339634
sio2 all 20 dish white_p01_r0564,88,96,140,148,1.0,6.754217396696906e-06,0.02432913433090861
sio2 all 20 dish white_p01_r0565,88,96,144,152,1.0,2.284401451208687e-06,0.022390074727224225
sio2 all 20 dish white_p01_r0566,88,96,148,156,1.0,2.026542652151531e-06,0.021472349871434416
sio2 all 20 dish white_p01_r0567,88,96,152,160,1.0,1.6894771301601974e-06,0.0207504000322826
sio2 all 20 dish white_p01_r0568,88,96,156,164,1.0,1.5357979617403325e-06,0.020294958171336176
sio2 all 20 dish white_p01_r0569,88,96,160,168,1.0,1.6498133775247784e-06,0.019990001534618114
sio2 all 20 dish white_p01_r0570,88,96,164,172,1.0,1.6601341065551749e-06,0.019862843204986942
sio2 all 20 dish white_p01_r0571,88,96,168,176,1.0,1.612473760134868e-06,0.02001627039662106
sio2 all 20 dish white_p01_r0572,88,96,172,180,1.0,1.6790415412128729e-06,0.020328016562331203
sio2 all 20 dish white_p01_r0573,88,96,176,184,1.0,1.8681502188343397e-06,0.02084554645982148
sio2 all 20 dish white_p01_r0574,88,96,180,188,1.0,1.7951435584174596e-06,0.021530701327117933
sio2 all 20 dish white_p01_r0575,88,96,184,192,1.0,1.942392702339211e-06,0.022210747851463757
sio2 all 20 dish white_p01_r0576,88,96,188,196,1.0,1.8428136077802013e-06,0.022629383428087645
sio2 all 20 dish white_p01_r0577,88,96,192,200,1.0,1.6758563966900635e-06,0.02261833662469103
sio2 all 20 dish white_p01_r0578,88,96,196,204,1.0,1.6552143908495247e-06,0.02239856328277884
sio2 all 20 dish white_p01_r0579,88,96,200,208,1.0,1.5474616636029123e-06,0.0222428965730854
sio2 all 20 dish white_p01_r0580,88,96,204,212,1.0,1.5936213818302808e-06,0.022176594005018296
sio2 all 20 dish white_p01_r0581,88,96,208,216,1.0,1.582904281517114e-06,0.02223923936448926
sio2 all 20 dish white_p01_r0582,88,96,212,220,1.0,1.6696256879826238e-06,0.022467224644639735
sio2 all 20 dish white_p01_r0583,88,96,216,224,1.0,1.9083028237841553e-06,0.02272017063508482
sio2 all 20 dish white_p01_r0584,88,96,220,228,1.0,3.021619893098542e-06,0.02348362413077711
sio2 all 20 dish white_p01_r0585,88,96,224,232,1.0,3.0485960405282194e-06,0.024773793695727884
sio2 all 20 dish white_p01_r0586,88,96,228,236,1.0,3.0801847432034992e-06,0.025480546160007826
sio2 all 20 dish white_p01_r0587,88,96,232,240,1.0,3.5444336838367375e-06,0.025021732963507112
sio2 all 20 dish white_p01_r0588,88,96,236,244,0.953125,2.473724310707587e-06,0.024233185803763282
sio2 all 20 dish white_p01_r0589,92,100,32,40,0.875,8.968774540870192e-06,0.03265127930389973
sio2 all 20 dish white_p01_r0590,92,100,36,44,0.984375,7.560639616512425e-06,0.03231701632288711
sio2 all 20 dish white_p01_r0591,92,100,40,48,1.0,6.156771037935573e-06,0.030257018026406898
sio2 all 20 dish white_p01_r0592,92,100,44,52,1.0,4.240991746595205e-06,0.028642375926020983
sio2 all 20 dish white_p01_r0593,92,100,48,56,1.0,3.2622174799416815e-06,0.028033736424638748
sio2 all 20 dish white_p01_r0594,92,100,52,60,1.0,3.055787376146549e-06,0.02764451663575103
sio2 all 20 dish white_p01_r0595,92,100,56,64,1.0,2.8705572881942176e-06,0.027076914862050466
sio2 all 20 dish white_p01_r0596,92,100,60,68,1.0,2.8042253255643175e-06,0.026697050848285116
sio2 all 20 dish white_p01_r0597,92,100,64,72,1.0,2.6263633903189417e-06,0.02652227926407126
sio2 all 20 dish white_p01_r0598,92,100,68,76,1.0,2.7272805833982305e-06,0.02676019780569843
sio2 all 20 dish white_p01_r0599,92,100,72,80,1.0,2.550158845701463e-06,0.027201072013789074
sio2 all 20 dish white_p01_r0600,92,100,76,84,1.0,2.443618403790118e-06,0.027446002001696477
sio2 all 20 dish white_p01_r0601,92,100,80,88,1.0,2.336111719380967e-06,0.02759935125452517
sio2 all 20 dish white_p01_r0602,92,100,84,92,1.0,2.3454211148250776e-06,0.028001150723928867
sio2 all 20 dish white_p01_r0603,92,100,88,96,0.921875,4.8970514897740513e-05,0.031166919032917073
sio2 all 20 dish white_p01_r0604,92,100,144,152,0.9375,4.343517971666436e-06,0.02330340942876138
sio2 all 20 dish white_p01_r0605,92,100,148,156,1.0,3.581293204547335e-06,0.022248434988693437
sio2 all 20 dish white_p01_r0606,92,100,152,160,1.0,2.682900287337919e-06,0.021434520447766767
sio2 all 20 dish white_p01_r0607,92,100,156,164,1.0,2.3257694342180713e-06,0.020927620344401814
sio2 all 20 dish white_p01_r0608,92,100,160,168,1.0,2.185344839243715e-06,0.02054622637869465
sio2 all 20 dish white_p01_r0609,92,100,164,172,1.0,2.099306976593191e-06,0.02036134269316087
sio2 all 20 dish white_p01_r0610,92,100,168,176,1.0,2.185902533744565e-06,0.020616605410267382
sio2 all 20 dish white_p01_r0611,92,100,172,180,1.0,2.194490967118853e-06,0.02093418061190579
sio2 all 20 dish white_p01_r0612,92,100,176,184,1.0,2.2318823818185838e-06,0.02132988467804301
sio2 all 20 dish white_p01_r0613,92,100,180,188,1.0,2.297805032859146e-06,0.022015127332599155
sio2 all 20 dish white_p01_r0614,92,100,184,192,1.0,2.1971961234015e-06,0.022617619879918754
sio2 all 20 dish white_p01_r0615,92,100,188,196,1.0,2.0714593553985337e-06,0.022940530212937568
sio2 all 20 dish white_p01_r0616,92,100,192,200,1.0,1.8379633598332972e-06,0.023033097829840976
sio2 all 20 dish white_p01_r0617,92,100,196,204,1.0,1.861927237619189e-06,0.023030208490464405
sio2 all 20 dish white_p01_r0618,92,100,200,208,1.0,1.9819410331455517e-06,0.02299753289160937
sio2 all 20 dish white_p01_r0619,92,100,204,212,1.0,2.127411439451888e-06,0.02295663086240435
sio2 all 20 dish white_p01_r0620,92,100,208,216,1.0,2.264991173030161e-06,0.02298885671211353
sio2 all 20 dish white_p01_r0621,92,100,212,220,1.0,2.4433550439429106e-06,0.023212776665436696
sio2 all 20 dish white_p01_r0622,92,100,216,224,1.0,3.636159567715224e-06,0.02390655003229419
sio2 all 20 dish white_p01_r0623,92,100,220,228,1.0,4.489818275324048e-06,0.02521199881571278
sio2 all 20 dish white_p01_r0624,92,100,224,232,1.0,3.4338516457382986e-06,0.02607836081182301
sio2 all 20 dish white_p01_r0625,92,100,228,236,1.0,4.001573697525779e-06,0.026006306798448463
sio2 all 20 dish white_p01_r0626,92,100,232,240,0.953125,3.8234431799339035e-06,0.025398616048880798
sio2 all 20 dish white_p01_r0627,96,104,44,52,0.921875,5.868026446619365e-06,0.03025058510996382
sio2 all 20 dish white_p01_r0628,96,104,48,56,1.0,5.017383983008497e-06,0.02976279060081854
sio2 all 20 dish white_p01_r0629,96,104,52,60,1.0,3.874629709219682e-06,0.029103964164440194
sio2 all 20 dish white_p01_r0630,96,104,56,64,1.0,3.673388959857412e-06,0.02841798199288876
sio2 all 20 dish white_p01_r0631,96,104,60,68,1.0,3.2065798539820437e-06,0.027984596469620822
sio2 all 20 dish white_p01_r0632,96,104,64,72,1.0,3.1348179810026164e-06,0.02770746456940112
sio2 all 20 dish white_p01_r0633,96,104,68,76,1.0,3.392701585253016e-06,0.027818078201240114
sio2 all 20 dish white_p01_r0634,96,104,72,80,1.0,3.074405511103589e-06,0.028216029469535886
sio2 all 20 dish white_p01_r0635,96,104,76,84,1.0,3.191843726198895e-06,0.02857745140455808
sio2 all 20 dish white_p01_r0636,96,104,80,88,1.0,3.403032078568076e-06,0.028746535322809883
sio2 all 20 dish white_p01_r0637,96,104,84,92,1.0,2.912948347717611e-06,0.028806684777152966
sio2 all 20 dish white_p01_r0638,96,104,88,96,0.984375,1.706735557191394e-05,0.030276110882397126
sio2 all 20 dish white_p01_r0639,96,104,152,160,0.953125,5.591724836706419e-06,0.022933302114014717
sio2 all 20 dish white_p01_r0640,96,104,156,164,1.0,4.244390700585944e-06,0.022244890416118462
sio2 all 20 dish white_p01_r0641,96,104,160,168,1.0,3.3355855046680797e-06,0.02168573712681426
sio2 all 20 dish white_p01_r0642,96,104,164,172,1.0,3.0372655705675074e-06,0.021367465119004954
sio2 all 20 dish white_p01_r0643,96,104,168,176,1.0,3.0983083254922173e-06,0.021485626714148737
sio2 all 20 dish white_p01_r0644,96,104,172,180,1.0,3.1454532340522846e-06,0.0218050029290364
sio2 all 20 dish white_p01_r0645,96,104,176,184,1.0,3.397207113055015e-06,0.022280296233452377
sio2 all 20 dish white_p01_r0646,96,104,180,188,1.0,3.2021987140709693e-06,0.022969599944428976
sio2 all 20 dish white_p01_r0647,96,104,184,192,1.0,2.820538884719644e-06,0.023536577359796813
sio2 all 20 dish white_p01_r0648,96,104,188,196,1.0,2.553256711484921e-06,0.023815604057142566
sio2 all 20 dish white_p01_r0649,96,104,192,200,1.0,2.5757881724262527e-06,0.023841713741895792
sio2 all 20 dish white_p01_r0650,96,104,196,204,1.0,2.812926812237442e-06,0.0238871561975102
sio2 all 20 dish white_p01_r0651,96,104,200,208,1.0,2.9574562100885715e-06,0.024121091352445535
sio2 all 20 dish white_p01_r0652,96,104,204,212,1.0,3.055362817386613e-06,0.02420161011718463
sio2 all 20 dish white_p01_r0653,96,104,208,216,1.0,3.432527542744574e-06,0.024220665704302622
sio2 all 20 dish white_p01_r0654,96,104,212,220,1.0,4.6331317407543134e-06,0.024733174787706348
sio2 all 20 dish white_p01_r0655,96,104,216,224,1.0,6.088121039709728e-06,0.025977200402846203
sio2 all 20 dish white_p01_r0656,96,104,220,228,1.0,4.9410973601890075e-06,0.027224268423106785
sio2 all 20 dish white_p01_r0657,96,104,224,232,1.0,4.5021840782807126e-06,0.027565722016322482
sio2 all 20 dish white_p01_r0658,96,104,228,236,0.953125,5.762190386720773e-06,0.02723702466867187
sio2 all 20 dish white_p01_r0659,100,108,56,64,0.953125,5.183918867466619e-06,0.03016789197596822
sio2 all 20 dish white_p01_r0660,100,108,60,68,1.0,4.364530999719924e-06,0.02962098892802618
sio2 all 20 dish white_p01_r0661,100,108,64,72,1.0,3.4375578946601396e-06,0.029180776731690918
sio2 all 20 dish white_p01_r0662,100,108,68,76,1.0,3.3595338521909277e-06,0.029119413396740908
sio2 all 20 dish white_p01_r0663,100,108,72,80,1.0,3.0806362267738206e-06,0.02935318618778465
sio2 all 20 dish white_p01_r0664,100,108,76,84,1.0,3.097399449306996e-06,0.029682464640553626
sio2 all 20 dish white_p01_r0665,100,108,80,88,1.0,2.9013051024776746e-06,0.029786873870503515
sio2 all 20 dish white_p01_r0666,100,108,84,92,1.0,2.55671741626114e-06,0.029660633025629237
sio2 all 20 dish white_p01_r0667,100,108,88,96,1.0,3.0006555606198495e-06,0.030020953574525694
sio2 all 20 dish white_p01_r0668,100,108,92,100,0.890625,9.699947202004313e-05,0.03436557442109296
sio2 all 20 dish white_p01_r0669,100,108,156,164,0.953125,2.6544178931989036e-05,0.0253076156881665
sio2 all 20 dish white_p01_r0670,100,108,160,168,1.0,6.860434826393715e-06,0.023487667722533884
sio2 all 20 dish white_p01_r0671,100,108,164,172,1.0,4.121275409732854e-06,0.02282698535664539
sio2 all 20 dish white_p01_r0672,100,108,168,176,1.0,3.755674679601578e-06,0.02277581722994133
sio2 all 20 dish white_p01_r0673,100,108,172,180,1.0,3.54086399705829e-06,0.022963442726214468
sio2 all 20 dish white_p01_r0674,100,108,176,184,1.0,4.790117464697656e-06,0.02373908534135082
sio2 all 20 dish white_p01_r0675,100,108,180,188,1.0,4.137536280968703e-06,0.024442587708683298
sio2 all 20 dish white_p01_r0676,100,108,184,192,1.0,3.152076147652559e-06,0.02461768353401029
sio2 all 20 dish white_p01_r0677,100,108,188,196,1.0,2.915082457869207e-06,0.024844640700599035
sio2 all 20 dish white_p01_r0678,100,108,192,200,1.0,2.9012160990997635e-06,0.024930864692654868
sio2 all 20 dish white_p01_r0679,100,108,196,204,1.0,2.6512521677498462e-06,0.024962397141180107
sio2 all 20 dish white_p01_r0680,100,108,200,208,1.0,2.362056650062944e-06,0.025144437966619325
sio2 all 20 dish white_p01_r0681,100,108,204,212,1.0,2.4900715755519584e-06,0.02532152388307948
sio2 all 20 dish white_p01_r0682,100,108,208,216,1.0,3.061037164854134e-06,0.02562850986340636
sio2 all 20 dish white_p01_r0683,100,108,212,220,1.0,4.889396244811852e-06,0.026758982028436903
sio2 all 20 dish white_p01_r0684,100,108,216,224,1.0,4.658153926513805e-06,0.02816905468829004
sio2 all 20 dish white_p01_r0685,100,108,220,228,1.0,3.198282688340573e-06,0.02880129206890886
sio2 all 20 dish white_p01_r0686,100,108,224,232,1.0,4.137916318773694e-06,0.028652950572378492
sio2 all 20 dish white_p01_r0687,104,112,68,76,0.96875,4.969067535944387e-06,0.030738361405518753
sio2 all 20 dish white_p01_r0688,104,112,72,80,1.0,4.121739760890106e-06,0.030568207866702318
sio2 all 20 dish white_p01_r0689,104,112,76,84,1.0,3.3903760288915065e-06,0.030614614577026505
sio2 all 20 dish white_p01_r0690,104,112,80,88,1.0,2.798417791718197e-06,0.030542371139969868
sio2 all 20 dish white_p01_r0691,104,112,84,92,1.0,2.543562034261429e-06,0.03031602609086067
sio2 all 20 dish white_p01_r0692,104,112,88,96,1.0,2.398344007164264e-06,0.03037887258548229
sio2 all 20 dish white_p01_r0693,104,112,92,100,0.984375,3.737354205349545e-05,0.03233970230460707
sio2 all 20 dish white_p01_r0694,104,112,160,168,0.984375,0.0004677980994190246,0.03512482847113908
sio2 all 20 dish white_p01_r0695,104,112,164,172,1.0,4.1205212455198754e-05,0.026328963826253514
sio2 all 20 dish white_p01_r0696,104,112,168,176,1.0,4.584200349419493e-06,0.024313110175933607
sio2 all 20 dish white_p01_r0697,104,112,172,180,1.0,2.9191237786075706e-06,0.02411045190799911
sio2 all 20 dish white_p01_r0698,104,112,176,184,1.0,4.05463656529355e-06,0.024743885937168263
sio2 all 20 dish white_p01_r0699,104,112,180,188,1.0,3.5320263711867317e-06,0.025424767083195937
sio2 all 20 dish white_p01_r0700,104,112,184,192,1.0,2.721875873656539e-06,0.025616035122290513
sio2 all 20 dish white_p01_r0701,104,112,188,196,1.0,2.5629508549988938e-06,0.025846171214870275
sio2 all 20 dish white_p01_r0702,104,112,192,200,1.0,2.6725139148399243e-06,0.02589948264030395
sio2 all 20 dish white_p01_r0703,104,112,196,204,1.0,2.4728861760690297e-06,0.025857810095921228
sio2 all 20 dish white_p01_r0704,104,112,200,208,1.0,2.5412346269552744e-06,0.025934909188051355
sio2 all 20 dish white_p01_r0705,104,112,204,212,1.0,2.9232093586415102e-06,0.02616403725576886
sio2 all 20 dish white_p01_r0706,104,112,208,216,1.0,3.873942290735956e-06,0.026969608536660784
sio2 all 20 dish white_p01_r0707,104,112,212,220,1.0,4.812945890357985e-06,0.028638375896617926
sio2 all 20 dish white_p01_r0708,104,112,216,224,1.0,3.1777854943745016e-06,0.029765031842271295
sio2 all 20 dish white_p01_r0709,104,112,220,228,0.984375,2.9184293662039807e-06,0.02976140798517336
sio2 all 20 dish white_p01_r0710,108,116,76,84,0.859375,3.3795657026004194e-06,0.031696146418446626
sio2 all 20 dish white_p01_r0711,108,116,80,88,0.96875,2.6424120522292672e-06,0.031398828551917446
sio2 all 20 dish white_p01_r0712,108,116,84,92,1.0,2.315679515451539e-06,0.030918759645786373
sio2 all 20 dish white_p01_r0713,108,116,88,96,1.0,2.221933893402491e-06,0.030703046994291525
sio2 all 20 dish white_p01_r0714,108,116,92,100,1.0,2.912008912605404e-06,0.0311167369120117
sio2 all 20 dish white_p01_r0715,108,116,96,104,0.921875,0.000113050118907936,0.03521120878925252
sio2 all 20 dish white_p01_r0716,108,116,160,168,0.984375,0.0006783461300075026,0.05643025705250539
sio2 all 20 dish white_p01_r0717,108,116,164,172,1.0,0.0008000674349410632,0.048924108774287905
sio2 all 20 dish white_p01_r0718,108,116,168,176,1.0,0.0004893403330164298,0.03588598964492391
sio2 all 20 dish white_p01_r0719,108,116,172,180,1.0,4.7490081334864294e-05,0.026942577862484315
sio2 all 20 dish white_p01_r0720,108,116,176,184,1.0,2.906156022122976e-06,0.025346726551833617
sio2 all 20 dish white_p01_r0721,108,116,180,188,1.0,1.8207040855130964e-06,0.025688002081944085
sio2 all 20 dish white_p01_r0722,108,116,184,192,1.0,1.6054797810543716e-06,0.02614987371070684
sio2 all 20 dish white_p01_r0723,108,116,188,196,1.0,1.8624251794911833e-06,0.02646070816178227
sio2 all 20 dish white_p01_r0724,108,116,192,200,1.0,1.9935120508552237e-06,0.026538515158968292
sio2 all 20 dish white_p01_r0725,108,116,196,204,1.0,1.9404773947224444e-06,0.026470873516886418
sio2 all 20 dish white_p01_r0726,108,116,200,208,1.0,2.105155360146344e-06,0.026595741825848337
sio2 all 20 dish white_p01_r0727,108,116,204,212,1.0,2.9152107208005384e-06,0.027130282140236054
sio2 all 20 dish white_p01_r0728,108,116,208,216,1.0,4.308571642707196e-06,0.02846685121624639
sio2 all 20 dish white_p01_r0729,108,116,212,220,1.0,3.5600918846612077e-06,0.030164454769505814
sio2 all 20 dish white_p01_r0730,108,116,216,224,0.984375,2.73970662806514e-06,0.030831501981037332
sio2 all 20 dish white_p01_r0731,112,120,88,96,0.859375,2.5454984012271404e-06,0.031188720707512947
sio2 all 20 dish white_p01_r0732,112,120,92,100,0.96875,2.305775942569598e-06,0.031189945176526908
sio2 all 20 dish white_p01_r0733,112,120,96,104,1.0,1.3409371531638327e-05,0.03211654159417818
sio2 all 20 dish white_p01_r0734,112,120,100,108,0.90625,0.00010823150750279448,0.03518494981042245
sio2 all 20 dish white_p01_r0735,112,120,156,164,0.90625,0.0005924210888404711,0.0375286721162898
sio2 all 20 dish white_p01_r0736,112,120,160,168,1.0,0.0007346432371777405,0.048612242484611566
sio2 all 20 dish white_p01_r0737,112,120,164,172,1.0,0.0017733073904210453,0.07402380198197073
sio2 all 20 dish white_p01_r0738,112,120,168,176,0.984375,0.0030784734565421313,0.08511132950835015
sio2 all 20 dish white_p01_r0739,112,120,184,192,0.9375,2.6476972085120235e-06,0.02677386597139279
sio2 all 20 dish white_p01_r0740,112,120,188,196,1.0,2.510658414017332e-06,0.027107259845641066
sio2 all 20 dish white_p01_r0741,112,120,192,200,1.0,2.0284536282884355e-06,0.027116468220900577
sio2 all 20 dish white_p01_r0742,112,120,196,204,1.0,1.9256760706106915e-06,0.026988973881819246
sio2 all 20 dish white_p01_r0743,112,120,200,208,1.0,2.3227745887936243e-06,0.02723633941938785
sio2 all 20 dish white_p01_r0744,112,120,204,212,1.0,3.689936723038174e-06,0.028332186718444147
sio2 all 20 dish white_p01_r0745,112,120,208,216,1.0,3.462291736064651e-06,0.029881951916883052
sio2 all 20 dish white_p01_r0746,112,120,212,220,0.984375,3.144803187453307e-06,0.03108350888902747
sio2 all 20 dish white_p01_r0747,116,124,104,112,0.890625,1.4862121039045182e-05,0.03371173808071236
sio2 all 20 dish white_p01_r0748,116,124,156,164,1.0,6.033143014565584e-06,0.02220969228407359
sio2 all 20 dish white_p01_r0749,116,124,160,168,1.0,0.0001632727929015751,0.025956368176062554
sio2 all 20 dish white_p01_r0750,116,124,164,172,0.984375,0.0025038200151463823,0.05856893801590838
sio2 all 20 dish white_p01_r0751,116,124,192,200,0.984375,1.3316875584592483e-05,0.0289565586861662
sio2 all 20 dish white_p01_r0752,116,124,196,204,1.0,3.7681275652994896e-06,0.02809275514635658
sio2 all 20 dish white_p01_r0753,116,124,200,208,1.0,4.968685280812199e-06,0.028614432715205116
sio2 all 20 dish white_p01_r0754,116,124,204,212,1.0,5.481956230160382e-06,0.030062189155551474
sio2 all 20 dish white_p01_r0755,116,124,208,216,0.9375,4.64464089703232e-06,0.0311388025074371
sio2 all 20 dish white_p01_r0756,120,128,152,160,0.859375,6.378737963028392e-06,0.022484618107563897
sio2 all 20 dish white_p01_r0757,120,128,156,164,1.0,6.963278429542178e-06,0.02217668209375734
sio2 all 20 dish white_p01_r0758,120,128,160,168,1.0,3.891568134587227e-06,0.021134890852584427
sio2 all 20 dish white_p01_r0759,120,128,164,172,0.984375,0.0006523686561588203,0.029567867402990784
sio2 all 20 dish white_p01_r0760,120,128,196,204,0.90625,8.087186838606555e-06,0.030279218817294555
sio2 all 20 dish white_p01_r0761,120,128,200,208,0.984375,8.384347872352962e-06,0.0311128686541578
sio2 all 20 dish white_p01_r0762,124,132,152,160,0.984375,6.600361433942494e-06,0.02224277894823313
sio2 all 20 dish white_p01_r0763,124,132,156,164,1.0,6.698912005087241e-06,0.022518165473023835
sio2 all 20 dish white_p01_r0764,124,132,160,168,1.0,3.955331253057599e-06,0.021504794516827002
sio2 all 20 dish white_p01_r0765,124,132,164,172,1.0,1.2837371955241202e-05,0.021980757632530903
sio2 all 20 dish white_p01_r0766,128,136,148,156,0.984375,2.1398191745877817e-06,0.020222631812126853
sio2 all 20 dish white_p01_r0767,128,136,152,160,1.0,3.4772706140093903e-06,0.0207455606199977
sio2 all 20 dish white_p01_r0768,128,136,156,164,1.0,3.6544479850363292e-06,0.021284114877823744
sio2 all 20 dish white_p01_r0769,128,136,160,168,1.0,2.909564208998644e-06,0.02158358840124885
sio2 all 20 dish white_p01_r0770,128,136,164,172,1.0,2.543172338610411e-06,0.021888586644848124
sio2 all 20 dish white_p01_r0771,128,136,168,176,0.9375,3.749113959624996e-05,0.024506455946634743
sio2 all 20 dish white_p01_r0772,132,140,120,128,0.9375,0.00010723547662597747,0.026285529575339518
sio2 all 20 dish white_p01_r0773,132,140,124,132,0.90625,1.2859088105722156e-05,0.023191826629449925
sio2 all 20 dish white_p01_r0774,132,140,128,136,0.90625,4.0990589002098955e-06,0.02176072605065217
sio2 all 20 dish white_p01_r0775,132,140,132,140,1.0,3.8566170986993015e-06,0.021100253841399838
sio2 all 20 dish white_p01_r0776,132,140,136,144,1.0,2.7901366420736282e-06,0.020645598182528518
sio2 all 20 dish white_p01_r0777,132,140,140,148,1.0,2.3066476130523783e-06,0.020168914860856743
sio2 all 20 dish white_p01_r0778,132,140,144,152,1.0,1.8912439400416358e-06,0.019745374460882002
sio2 all 20 dish white_p01_r0779,132,140,148,156,1.0,1.9598101187857763e-06,0.0197252404354492
sio2 all 20 dish white_p01_r0780,132,140,152,160,1.0,2.1406721175486424e-06,0.019869504190467704
sio2 all 20 dish white_p01_r0781,132,140,156,164,1.0,2.097569565637054e-06,0.020233079486655425
sio2 all 20 dish white_p01_r0782,132,140,160,168,1.0,2.0882705019563472e-06,0.020952319416772964
sio2 all 20 dish white_p01_r0783,132,140,164,172,1.0,2.182380248158202e-06,0.021839163575673066
sio2 all 20 dish white_p01_r0784,132,140,168,176,0.90625,6.196870129172429e-06,0.023404472361844533
sio2 all 20 dish white_p01_r0785,136,144,116,124,0.875,6.583738522546273e-06,0.022777604446457326
sio2 all 20 dish white_p01_r0786,136,144,120,128,1.0,3.7589763818651727e-06,0.021812174136209526
sio2 all 20 dish white_p01_r0787,136,144,124,132,1.0,3.822982763617755e-06,0.02152497564897288
sio2 all 20 dish white_p01_r0788,136,144,128,136,1.0,3.982206727485307e-06,0.020910614217571972
sio2 all 20 dish white_p01_r0789,136,144,132,140,1.0,3.230195070566516e-06,0.020011024231662917
sio2 all 20 dish white_p01_r0790,136,144,136,144,1.0,2.882796738358014e-06,0.019696688393303165
sio2 all 20 dish white_p01_r0791,136,144,140,148,1.0,2.8045839546509828e-06,0.019393099678768202
sio2 all 20 dish white_p01_r0792,136,144,144,152,1.0,2.099956904636442e-06,0.019007407809374197
sio2 all 20 dish white_p01_r0793,136,144,148,156,1.0,1.949962103731704e-06,0.019025077794449684
sio2 all 20 dish white_p01_r0794,136,144,152,160,1.0,2.1009834034616515e-06,0.0192611209824659
sio2 all 20 dish white_p01_r0795,136,144,156,164,1.0,2.2418178360341572e-06,0.019525760235899046
sio2 all 20 dish white_p01_r0796,136,144,160,168,1.0,2.6568038835056227e-06,0.020210089152115685
sio2 all 20 dish white_p01_r0797,136,144,164,172,1.0,2.6840106406772754e-06,0.021338192729427254
sio2 all 20 dish white_p01_r0798,136,144,168,176,0.921875,3.7144618480840234e-06,0.022714640057803468
sio2 all 20 dish white_p01_r0799,140,148,116,124,1.0,6.942293475649113e-06,0.021154739515623452
sio2 all 20 dish white_p01_r0800,140,148,120,128,1.0,3.092418855645106e-06,0.02065649927922652
sio2 all 20 dish white_p01_r0801,140,148,124,132,1.0,4.51844191886773e-06,0.020995708474778493
sio2 all 20 dish white_p01_r0802,140,148,128,136,1.0,5.2751267103395495e-06,0.02050111802692853
sio2 all 20 dish white_p01_r0803,140,148,132,140,1.0,3.293290917142039e-06,0.01922789755587935
sio2 all 20 dish white_p01_r0804,140,148,136,144,1.0,2.1810396764592374e-06,0.018625122915830298
sio2 all 20 dish white_p01_r0805,140,148,140,148,1.0,2.1539659784457533e-06,0.01835962403618905
sio2 all 20 dish white_p01_r0806,140,148,144,152,1.0,2.075689426851763e-06,0.018190254339388066
sio2 all 20 dish white_p01_r0807,140,148,148,156,1.0,2.3522680706698323e-06,0.018238511424389772
sio2 all 20 dish white_p01_r0808,140,148,152,160,1.0,2.4975648638578705e-06,0.018428933699059236
sio2 all 20 dish white_p01_r0809,140,148,156,164,1.0,2.2463403182715155e-06,0.01872149025292566
sio2 all 20 dish white_p01_r0810,140,148,160,168,1.0,2.427885292475076e-06,0.019512059462457126
sio2 all 20 dish white_p01_r0811,140,148,164,172,1.0,2.5164421626695863e-06,0.02073599378649767
sio2 all 20 dish white_p01_r0812,140,148,168,176,1.0,3.535998981687024e-06,0.02221298652327868
sio2 all 20 dish white_p01_r0813,140,148,172,180,0.90625,3.7767593348966387e-06,0.02322765952808544
sio2 all 20 dish white_p01_r0814,144,152,100,108,0.90625,1.0701333272033004e-05,0.022391266722405365
sio2 all 20 dish white_p01_r0815,144,152,104,112,0.859375,6.1498179762312535e-06,0.02107048710067423
sio2 all 20 dish white_p01_r0816,144,152,108,116,0.875,2.580419789539975e-06,0.019872813008350844
sio2 all 20 dish white_p01_r0817,144,152,112,120,1.0,2.5496896152016168e-06,0.019500324750901493
sio2 all 20 dish white_p01_r0818,144,152,116,124,1.0,2.545770080802738e-06,0.01965676198092816
sio2 all 20 dish white_p01_r0819,144,152,120,128,1.0,2.7655707482171598e-06,0.019843670657866318
sio2 all 20 dish white_p01_r0820,144,152,124,132,1.0,4.563346374048688e-06,0.019654246991207214
sio2 all 20 dish white_p01_r0821,144,152,128,136,1.0,4.794927186835338e-06,0.01909504672625639
sio2 all 20 dish white_p01_r0822,144,152,132,140,1.0,2.645725845028176e-06,0.018241715693308565
sio2 all 20 dish white_p01_r0823,144,152,136,144,1.0,1.7582213673981886e-06,0.01779858878903812
sio2 all 20 dish white_p01_r0824,144,152,140,148,1.0,1.571290034069172e-06,0.01762773493178906
sio2 all 20 dish white_p01_r0825,144,152,144,152,1.0,1.5420711511430186e-06,0.017749475858271246
sio2 all 20 dish white_p01_r0826,144,152,148,156,1.0,1.8039012233495621e-06,0.01797182712745936
sio2 all 20 dish white_p01_r0827,144,152,152,160,1.0,1.935215023796727e-06,0.01810970809168392
sio2 all 20 dish white_p01_r0828,144,152,156,164,1.0,1.8423912296961048e-06,0.01841629603739385
sio2 all 20 dish white_p01_r0829,144,152,160,168,1.0,2.2275135221572843e-06,0.018997353343498013
sio2 all 20 dish white_p01_r0830,144,152,164,172,1.0,4.863859114216528e-06,0.020516058798809668
sio2 all 20 dish white_p01_r0831,144,152,168,176,1.0,4.173127350208018e-06,0.022268069886060116
sio2 all 20 dish white_p01_r0832,144,152,172,180,1.0,2.9761960658887375e-06,0.02287657677122956
sio2 all 20 dish white_p01_r0833,144,152,176,184,0.984375,6.00862170341441e-06,0.02332960486303314
sio2 all 20 dish white_p01_r0834,148,156,92,100,0.9375,1.0856926233501566e-05,0.021584306953095697
sio2 all 20 dish white_p01_r0835,148,156,96,104,1.0,4.565778057722162e-06,0.02081630586137001
sio2 all 20 dish white_p01_r0836,148,156,100,108,1.0,2.87983477166873e-06,0.020275033406337233
sio2 all 20 dish white_p01_r0837,148,156,104,112,1.0,2.4426175993650396e-06,0.019781541186565596
sio2 all 20 dish white_p01_r0838,148,156,108,116,1.0,2.445373554490317e-06,0.01914841651428692
sio2 all 20 dish white_p01_r0839,148,156,112,120,1.0,1.8024144616609704e-06,0.01865753396333657
sio2 all 20 dish white_p01_r0840,148,156,116,124,1.0,2.1138339439510287e-06,0.01896957096972565
sio2 all 20 dish white_p01_r0841,148,156,120,128,1.0,2.414465556044708e-06,0.0191147453877174
sio2 all 20 dish white_p01_r0842,148,156,124,132,1.0,2.058718022694997e-06,0.01851300001134369
sio2 all 20 dish white_p01_r0843,148,156,128,136,1.0,1.5149431409264862e-06,0.01795033565444211
sio2 all 20 dish white_p01_r0844,148,156,132,140,1.0,1.4542483699722807e-06,0.017711808124030382
sio2 all 20 dish white_p01_r0845,148,156,136,144,1.0,1.8166990309427826e-06,0.017767127162920737
sio2 all 20 dish white_p01_r0846,148,156,140,148,1.0,2.2643374794562066e-06,0.017935112873191054
sio2 all 20 dish white_p01_r0847,148,156,144,152,1.0,2.4912077912278074e-06,0.018326709513644093
sio2 all 20 dish white_p01_r0848,148,156,148,156,1.0,2.8859698723645528e-06,0.018943524645981695
sio2 all 20 dish white_p01_r0849,148,156,152,160,1.0,2.8705417069522355e-06,0.01925024655093066
sio2 all 20 dish white_p01_r0850,148,156,156,164,1.0,2.4037865375171784e-06,0.019025153210917148
sio2 all 20 dish white_p01_r0851,148,156,160,168,1.0,1.7868443892217644e-06,0.018813213138054074
sio2 all 20 dish white_p01_r0852,148,156,164,172,1.0,1.5249395071678401e-05,0.02115771770672132
sio2 all 20 dish white_p01_r0853,148,156,168,176,1.0,3.947664907015416e-05,0.02543628636341034
sio2 all 20 dish white_p01_r0854,148,156,172,180,1.0,3.2366308456516956e-05,0.025729115391132953
sio2 all 20 dish white_p01_r0855,148,156,176,184,1.0,3.819156373302625e-06,0.023707956512146466
sio2 all 20 dish white_p01_r0856,148,156,180,188,1.0,2.614965798968308e-05,0.02479286531837276
sio2 all 20 dish white_p01_r0857,152,160,84,92,0.859375,1.318066055687474e-05,0.021922772294329575
sio2 all 20 dish white_p01_r0858,152,160,88,96,0.953125,4.696150181077481e-06,0.020365384491693287
sio2 all 20 dish white_p01_r0859,152,160,92,100,1.0,3.119954180954545e-06,0.019489710175434116
sio2 all 20 dish white_p01_r0860,152,160,96,104,1.0,2.7962853533642156e-06,0.01919785263986045
sio2 all 20 dish white_p01_r0861,152,160,100,108,1.0,2.631618838197299e-06,0.019038481572015615
sio2 all 20 dish white_p01_r0862,152,160,104,112,1.0,2.5699751743909704e-06,0.018823098524896522
sio2 all 20 dish white_p01_r0863,152,160,108,116,1.0,2.6357242880435384e-06,0.018409874673998742
sio2 all 20 dish white_p01_r0864,152,160,112,120,1.0,2.209305544498007e-06,0.018020393758045133
sio2 all 20 dish white_p01_r0865,152,160,116,124,1.0,2.3469467682429538e-06,0.01796443872044512
sio2 all 20 dish white_p01_r0866,152,160,120,128,1.0,2.709506324004122e-06,0.018092683377784625
sio2 all 20 dish white_p01_r0867,152,160,124,132,1.0,2.379237817818724e-06,0.017906581751320417
sio2 all 20 dish white_p01_r0868,152,160,128,136,1.0,1.7674728223979612e-06,0.01763689466977425
sio2 all 20 dish white_p01_r0869,152,160,132,140,1.0,1.74192835299743e-06,0.017689422205574488
sio2 all 20 dish white_p01_r0870,152,160,136,144,1.0,2.4436409062864764e-06,0.018133568721183563
sio2 all 20 dish white_p01_r0871,152,160,140,148,1.0,2.811801724631269e-06,0.018806605003971574
sio2 all 20 dish white_p01_r0872,152,160,144,152,1.0,2.622430516467245e-06,0.01914063879015381
sio2 all 20 dish white_p01_r0873,152,160,148,156,1.0,2.908743668032211e-06,0.019236556367692476
sio2 all 20 dish white_p01_r0874,152,160,152,160,1.0,3.4587584329635633e-06,0.019151825033632802
sio2 all 20 dish white_p01_r0875,152,160,156,164,1.0,2.7588072294709122e-06,0.018853961593539345
sio2 all 20 dish white_p01_r0876,152,160,160,168,1.0,2.0914314914657787e-06,0.01870917440413743
sio2 all 20 dish white_p01_r0877,152,160,164,172,1.0,1.5087041323260826e-05,0.02032811382638025
sio2 all 20 dish white_p01_r0878,152,160,168,176,1.0,4.995163099795558e-05,0.025462631704172345
sio2 all 20 dish white_p01_r0879,152,160,172,180,1.0,3.3457684753356835e-05,0.027820503237284175
sio2 all 20 dish white_p01_r0880,152,160,176,184,1.0,1.0227066850398471e-05,0.025345553734686912
sio2 all 20 dish white_p01_r0881,152,160,180,188,1.0,4.331346056620541e-06,0.02408884788085613
sio2 all 20 dish white_p01_r0882,152,160,184,192,0.953125,4.412511468710865e-05,0.026566809827257586
sio2 all 20 dish white_p01_r0883,156,164,84,92,1.0,7.528637050179179e-06,0.020376583225647036
sio2 all 20 dish white_p01_r0884,156,164,88,96,1.0,3.948756709800015e-06,0.0188626580245366
sio2 all 20 dish white_p01_r0885,156,164,92,100,1.0,3.1445669898210946e-06,0.01817527236616839
sio2 all 20 dish white_p01_r0886,156,164,96,104,1.0,2.832417734500297e-06,0.01800934684177546
sio2 all 20 dish white_p01_r0887,156,164,100,108,1.0,2.730219396113051e-06,0.01804292765231137
sio2 all 20 dish white_p01_r0888,156,164,104,112,1.0,2.6956956294746387e-06,0.01794738979114482
sio2 all 20 dish white_p01_r0889,156,164,108,116,1.0,2.5491776723770715e-06,0.01752850270879991
sio2 all 20 dish white_p01_r0890,156,164,112,120,1.0,2.7431734526991017e-06,0.01709681491315117
sio2 all 20 dish white_p01_r0891,156,164,116,124,1.0,2.5608742545443715e-06,0.016821308297018202
sio2 all 20 dish white_p01_r0892,156,164,120,128,1.0,2.577615630591215e-06,0.016760056321956596
sio2 all 20 dish white_p01_r0893,156,164,124,132,1.0,2.4828653533697807e-06,0.016766920772553776
sio2 all 20 dish white_p01_r0894,156,164,128,136,1.0,2.5878035578604297e-06,0.017141723252537766
sio2 all 20 dish white_p01_r0895,156,164,132,140,1.0,2.637617215667747e-06,0.017769305988097662
sio2 all 20 dish white_p01_r0896,156,164,136,144,1.0,3.097613734803539e-06,0.01805241921477621
sio2 all 20 dish white_p01_r0897,156,164,140,148,1.0,4.108383856464843e-06,0.018317936403165456
sio2 all 20 dish white_p01_r0898,156,164,144,152,1.0,5.025833845274069e-06,0.018133248200285904
sio2 all 20 dish white_p01_r0899,156,164,148,156,1.0,4.672516573813611e-06,0.017420210737314288
sio2 all 20 dish white_p01_r0900,156,164,152,160,1.0,4.092578183640543e-06,0.017068802418595007
sio2 all 20 dish white_p01_r0901,156,164,156,164,1.0,4.068274980376854e-06,0.01750866969772535
sio2 all 20 dish white_p01_r0902,156,164,160,168,1.0,7.09534264474685e-06,0.018485704415122352
sio2 all 20 dish white_p01_r0903,156,164,164,172,1.0,8.44515146602588e-06,0.018820109812009454
sio2 all 20 dish white_p01_r0904,156,164,168,176,1.0,2.1703701912253915e-05,0.020496658280306494
sio2 all 20 dish white_p01_r0905,156,164,172,180,1.0,2.657448646538297e-05,0.02367617224824181
sio2 all 20 dish white_p01_r0906,156,164,176,184,1.0,1.757647365492322e-05,0.023613742776203414
sio2 all 20 dish white_p01_r0907,156,164,180,188,1.0,8.12576809933317e-06,0.02230554063811591
sio2 all 20 dish white_p01_r0908,156,164,184,192,1.0,1.1040309518220703e-05,0.023455798243102524
sio2 all 20 dish white_p01_r0909,156,164,188,196,0.90625,0.00024280635553528042,0.028753366626072738
sio2 all 20 dish white_p01_r0910,160,168,80,88,1.0,6.62503431938776e-05,0.025722088940189427
sio2 all 20 dish white_p01_r0911,160,168,84,92,1.0,2.964745921318495e-05,0.021882148440443828
sio2 all 20 dish white_p01_r0912,160,168,88,96,1.0,3.458238338255098e-06,0.018390541130535547
sio2 all 20 dish white_p01_r0913,160,168,92,100,1.0,1.5561209584166212e-06,0.01753942381472853
sio2 all 20 dish white_p01_r0914,160,168,96,104,1.0,1.5007047522631979e-06,0.01730127590968421
sio2 all 20 dish white_p01_r0915,160,168,100,108,1.0,1.6509515442567951e-06,0.01739352835944072
sio2 all 20 dish white_p01_r0916,160,168,104,112,1.0,1.8361263887072093e-06,0.01739227263756104
sio2 all 20 dish white_p01_r0917,160,168,108,116,1.0,1.6496288867992444e-06,0.01688601339238917
sio2 all 20 dish white_p01_r0918,160,168,112,120,1.0,1.4378682500731032e-06,0.016467439837186734
sio2 all 20 dish white_p01_r0919,160,168,116,124,1.0,1.6055951209040787e-06,0.016249657399950664
sio2 all 20 dish white_p01_r0920,160,168,120,128,1.0,1.834677160774567e-06,0.016330409571884034
sio2 all 20 dish white_p01_r0921,160,168,124,132,1.0,2.3687537495680507e-06,0.016834928823868153
sio2 all 20 dish white_p01_r0922,160,168,128,136,1.0,2.343465602958149e-06,0.0174103450718609
sio2 all 20 dish white_p01_r0923,160,168,132,140,1.0,2.2681066445075154e-06,0.017584411694073897
sio2 all 20 dish white_p01_r0924,160,168,136,144,1.0,2.9285222503686173e-06,0.01702280978035961
sio2 all 20 dish white_p01_r0925,160,168,140,148,1.0,3.0820994415213607e-06,0.016612061134281007
sio2 all 20 dish white_p01_r0926,160,168,144,152,1.0,2.7353707704841456e-06,0.016603836093240575
sio2 all 20 dish white_p01_r0927,160,168,148,156,1.0,2.148101316377137e-06,0.01614885432065785
sio2 all 20 dish white_p01_r0928,160,168,152,160,1.0,1.7772428379094446e-06,0.016021782421325913
sio2 all 20 dish white_p01_r0929,160,168,156,164,1.0,2.849586902118255e-05,0.01763964996767757
sio2 all 20 dish white_p01_r0930,160,168,160,168,1.0,0.0026055493319344382,0.039430329267993086
sio2 all 20 dish white_p01_r0931,160,168,164,172,1.0,0.003091606368384234,0.048920175167817034
sio2 all 20 dish white_p01_r0932,160,168,168,176,1.0,0.0010530205048138095,0.02807593341820191
sio2 all 20 dish white_p01_r0933,160,168,172,180,1.0,6.593984028609842e-06,0.01946557868594936
sio2 all 20 dish white_p01_r0934,160,168,176,184,1.0,5.060453507431149e-06,0.020433127737118598
sio2 all 20 dish white_p01_r0935,160,168,180,188,1.0,2.8084740961367487e-06,0.020420498598782283
sio2 all 20 dish white_p01_r0936,160,168,184,192,1.0,4.012007971236146e-06,0.021635322310760673
sio2 all 20 dish white_p01_r0937,160,168,188,196,1.0,3.263085191644906e-05,0.02413058414095405
sio2 all 20 dish white_p01_r0938,164,172,76,84,1.0,4.891350179033081e-05,0.024768971858134415
sio2 all 20 dish white_p01_r0939,164,172,80,88,1.0,5.8024734234721164e-05,0.02629523642885731
sio2 all 20 dish white_p01_r0940,164,172,84,92,1.0,2.785160506999296e-05,0.022831821941211607
sio2 all 20 dish white_p01_r0941,164,172,88,96,1.0,4.727837738652601e-06,0.01872001689384034
sio2 all 20 dish white_p01_r0942,164,172,92,100,1.0,1.6024639342811137e-06,0.01740322667907263
sio2 all 20 dish white_p01_r0943,164,172,96,104,1.0,1.4770855435951823e-06,0.017036810048921047
sio2 all 20 dish white_p01_r0944,164,172,100,108,1.0,2.342578436583675e-06,0.017329240052832456
sio2 all 20 dish white_p01_r0945,164,172,104,112,1.0,3.5698770491481897e-06,0.017973600020466104
sio2 all 20 dish white_p01_r0946,164,172,108,116,1.0,4.1745256415820156e-06,0.017953071763690782
sio2 all 20 dish white_p01_r0947,164,172,112,120,1.0,4.8476526886479214e-06,0.017645262689414163
sio2 all 20 dish white_p01_r0948,164,172,116,124,1.0,6.531080960996254e-06,0.017786758222149056
sio2 all 20 dish white_p01_r0949,164,172,120,128,1.0,4.874526763627308e-06,0.017697572010999522
sio2 all 20 dish white_p01_r0950,164,172,124,132,1.0,2.4375669079350766e-06,0.01730476076053245
sio2 all 20 dish white_p01_r0951,164,172,128,136,1.0,2.210906435750086e-06,0.017269759387586885
sio2 all 20 dish white_p01_r0952,164,172,132,140,1.0,2.2048476626453726e-06,0.016966527689971207
sio2 all 20 dish white_p01_r0953,164,172,136,144,1.0,2.0603926525710787e-06,0.016101955257612197
sio2 all 20 dish white_p01_r0954,164,172,140,148,1.0,1.6111261633758254e-06,0.01561722861337584
sio2 all 20 dish white_p01_r0955,164,172,144,152,1.0,1.910572779266241e-06,0.01581053503328094
sio2 all 20 dish white_p01_r0956,164,172,148,156,1.0,1.9439781605972725e-06,0.015723967279396078
sio2 all 20 dish white_p01_r0957,164,172,152,160,1.0,3.031928560819787e-06,0.016092988636767017
sio2 all 20 dish white_p01_r0958,164,172,156,164,1.0,3.2644315771035575e-05,0.018786457745943518
sio2 all 20 dish white_p01_r0959,164,172,160,168,1.0,0.0025296435560634794,0.04571127631235478
sio2 all 20 dish white_p01_r0960,164,172,164,172,1.0,0.002794300225759132,0.057408007891809304
sio2 all 20 dish white_p01_r0961,164,172,168,176,1.0,0.0011228683951683453,0.031044336455322785
sio2 all 20 dish white_p01_r0962,164,172,172,180,1.0,4.128811034608068e-06,0.018336992795011144
sio2 all 20 dish white_p01_r0963,164,172,176,184,1.0,4.228163186290362e-06,0.01899865409697841
sio2 all 20 dish white_p01_r0964,164,172,180,188,1.0,2.8347863293848674e-06,0.019748507307725188
sio2 all 20 dish white_p01_r0965,164,172,184,192,1.0,2.9905949155401373e-06,0.02108849761308016
sio2 all 20 dish white_p01_r0966,164,172,188,196,1.0,3.865053434765746e-06,0.022722262681850854
sio2 all 20 dish white_p01_r0967,164,172,192,200,0.984375,4.856874347462959e-05,0.026013285193053456
sio2 all 20 dish white_p01_r0968,168,176,76,84,0.953125,1.4571311127329768e-05,0.02468884246173857
sio2 all 20 dish white_p01_r0969,168,176,80,88,1.0,7.445743666218276e-06,0.023260469729587518
sio2 all 20 dish white_p01_r0970,168,176,84,92,1.0,8.87354563249779e-06,0.02102757474817497
sio2 all 20 dish white_p01_r0971,168,176,88,96,1.0,3.296593508446603e-06,0.018655908146384365
sio2 all 20 dish white_p01_r0972,168,176,92,100,1.0,1.838305813520696e-06,0.017582443340429074
sio2 all 20 dish white_p01_r0973,168,176,96,104,1.0,1.4963947758015038e-06,0.0171954037311317
sio2 all 20 dish white_p01_r0974,168,176,100,108,1.0,3.4184543605908025e-06,0.017926003546458236
sio2 all 20 dish white_p01_r0975,168,176,104,112,1.0,3.792967915031729e-06,0.01938365398281204
sio2 all 20 dish white_p01_r0976,168,176,108,116,1.0,3.6354152820409135e-06,0.020074911789405122
sio2 all 20 dish white_p01_r0977,168,176,112,120,1.0,6.358621559274502e-06,0.020247510020957395
sio2 all 20 dish white_p01_r0978,168,176,116,124,1.0,7.338537767017323e-06,0.019854184966340917
sio2 all 20 dish white_p01_r0979,168,176,120,128,1.0,6.013049659036327e-06,0.018106592323571924
sio2 all 20 dish white_p01_r0980,168,176,124,132,1.0,2.7451306415066594e-06,0.016422818590402007
sio2 all 20 dish white_p01_r0981,168,176,128,136,1.0,2.065417271225653e-06,0.016121295966730488
sio2 all 20 dish white_p01_r0982,168,176,132,140,1.0,2.0075023226162398e-06,0.01627563311873972
sio2 all 20 dish white_p01_r0983,168,176,136,144,1.0,1.6518899402247565e-06,0.015922732560660614
sio2 all 20 dish white_p01_r0984,168,176,140,148,1.0,1.271064447995813e-06,0.015645203415739037
sio2 all 20 dish white_p01_r0985,168,176,144,152,1.0,1.377383765155976e-06,0.015567963776846716
sio2 all 20 dish white_p01_r0986,168,176,148,156,1.0,1.2937042571338667e-06,0.015427111241759116
sio2 all 20 dish white_p01_r0987,168,176,152,160,1.0,2.6687510437566606e-06,0.016025479873957867
sio2 all 20 dish white_p01_r0988,168,176,156,164,1.0,1.0069588114717843e-05,0.018648112543658515
sio2 all 20 dish white_p01_r0989,168,176,160,168,1.0,0.0002663798133139424,0.02646165320196223
sio2 all 20 dish white_p01_r0990,168,176,164,172,1.0,0.00037400925861758467,0.028946345365093815
sio2 all 20 dish white_p01_r0991,168,176,168,176,1.0,0.00015758212551881862,0.021949747273103483
sio2 all 20 dish white_p01_r0992,168,176,172,180,1.0,3.4815076228269303e-06,0.017930664053492366
sio2 all 20 dish white_p01_r0993,168,176,176,184,1.0,3.0437557625265883e-06,0.018083329763383345
sio2 all 20 dish white_p01_r0994,168,176,180,188,1.0,5.252998862255301e-06,0.01991913328338347
sio2 all 20 dish white_p01_r0995,168,176,184,192,1.0,3.519839088982109e-06,0.021320625193322496
sio2 all 20 dish white_p01_r0996,168,176,188,196,1.0,3.2121187802982255e-06,0.022231101916397322
sio2 all 20 dish white_p01_r0997,168,176,192,200,0.984375,4.577301460412744e-06,0.024108144844826457
sio2 all 20 dish white_p01_r0998,172,180,80,88,0.921875,1.2173004641395995e-05,0.023603939782665416
sio2 all 20 dish white_p01_r0999,172,180,84,92,1.0,8.292425394171658e-06,0.02097844200303739
sio2 all 20 dish white_p01_r1000,172,180,88,96,1.0,3.171585502887064e-06,0.019187537432368056
sio2 all 20 dish white_p01_r1001,172,180,92,100,1.0,2.709670355162154e-06,0.018556273446697517
sio2 all 20 dish white_p01_r1002,172,180,96,104,1.0,3.472267826057566e-06,0.018510286630627953
sio2 all 20 dish white_p01_r1003,172,180,100,108,1.0,3.925767076718943e-06,0.018865225958833033
sio2 all 20 dish white_p01_r1004,172,180,104,112,1.0,3.3740001807831226e-06,0.019685554890159204
sio2 all 20 dish white_p01_r1005,172,180,108,116,1.0,2.700521436132321e-06,0.020538315934225865
sio2 all 20 dish white_p01_r1006,172,180,112,120,1.0,5.486740426929384e-06,0.02056224419241962
sio2 all 20 dish white_p01_r1007,172,180,116,124,1.0,8.355878885014683e-06,0.01902942312506127
sio2 all 20 dish white_p01_r1008,172,180,120,128,1.0,4.332049256098354e-06,0.016970092802706265
sio2 all 20 dish white_p01_r1009,172,180,124,132,1.0,1.89017829796107e-06,0.016104755258150624
sio2 all 20 dish white_p01_r1010,172,180,128,136,1.0,1.5969747441579473e-06,0.015997418996757204
sio2 all 20 dish white_p01_r1011,172,180,132,140,1.0,2.0346731838243126e-06,0.016291388990616634
sio2 all 20 dish white_p01_r1012,172,180,136,144,1.0,2.907556232631404e-06,0.016541748929469906
sio2 all 20 dish white_p01_r1013,172,180,140,148,1.0,2.7583885769817076e-06,0.016486865574095844
sio2 all 20 dish white_p01_r1014,172,180,144,152,1.0,2.0607242956040706e-06,0.01628362098537629
sio2 all 20 dish white_p01_r1015,172,180,148,156,1.0,1.9064619033891973e-06,0.01593630832522774
sio2 all 20 dish white_p01_r1016,172,180,152,160,1.0,2.231336448472401e-06,0.01620412505246638
sio2 all 20 dish white_p01_r1017,172,180,156,164,1.0,6.9365951778382174e-06,0.01814925541886594
sio2 all 20 dish white_p01_r1018,172,180,160,168,1.0,1.5047250117145091e-05,0.021183735869954437
sio2 all 20 dish white_p01_r1019,172,180,164,172,1.0,1.385584531814731e-05,0.02251277337999399
sio2 all 20 dish white_p01_r1020,172,180,168,176,1.0,1.9057024231885362e-05,0.022403646696199927
sio2 all 20 dish white_p01_r1021,172,180,172,180,1.0,2.406914735122384e-05,0.020410276780296343
sio2 all 20 dish white_p01_r1022,172,180,176,184,1.0,5.093721919119399e-06,0.018627950223676668
sio2 all 20 dish white_p01_r1023,172,180,180,188,0.984375,6.316896957662163e-06,0.02006950037761169
sio2 all 20 dish white_p01_r1024,172,180,184,192,0.984375,6.460168860204557e-06,0.02163585584423511
sio2 all 20 dish white_p01_r1025,172,180,188,196,0.859375,5.3129995471359996e-06,0.022568144073195833
sio2 all 20 dish white_p01_r1026,176,184,84,92,0.90625,0.00011289202531436333,0.027173414877963542
sio2 all 20 dish white_p01_r1027,176,184,88,96,1.0,4.7930754401307676e-05,0.022342153932292094
sio2 all 20 dish white_p01_r1028,176,184,92,100,1.0,3.541589098889104e-06,0.019655792601715513
sio2 all 20 dish white_p01_r1029,176,184,96,104,1.0,3.6451754007558744e-06,0.019328145493259643
sio2 all 20 dish white_p01_r1030,176,184,100,108,1.0,3.6789485922317835e-06,0.018938306994291713
sio2 all 20 dish white_p01_r1031,176,184,104,112,1.0,3.128471910073712e-06,0.018844068053046423
sio2 all 20 dish white_p01_r1032,176,184,108,116,1.0,3.3396950846419357e-06,0.019320281071998662
sio2 all 20 dish white_p01_r1033,176,184,112,120,1.0,3.5932640417852163e-06,0.018793797879118307
sio2 all 20 dish white_p01_r1034,176,184,116,124,1.0,2.401715069908235e-06,0.01750195740265004
sio2 all 20 dish white_p01_r1035,176,184,120,128,1.0,1.684451444202665e-06,0.016939993048108157
sio2 all 20 dish white_p01_r1036,176,184,124,132,1.0,1.9429980999736964e-06,0.01686350533505762
sio2 all 20 dish white_p01_r1037,176,184,128,136,1.0,2.8819283260141276e-06,0.017062896707305666
sio2 all 20 dish white_p01_r1038,176,184,132,140,1.0,3.7170674262901094e-06,0.01772841095294047
sio2 all 20 dish white_p01_r1039,176,184,136,144,1.0,6.6771868488878285e-06,0.018892623929881946
sio2 all 20 dish white_p01_r1040,176,184,140,148,1.0,8.31047107936748e-06,0.019214485484749324
sio2 all 20 dish white_p01_r1041,176,184,144,152,1.0,6.002014194731401e-06,0.018043659607206136
sio2 all 20 dish white_p01_r1042,176,184,148,156,1.0,3.436348983125266e-06,0.017165423411530316
sio2 all 20 dish white_p01_r1043,176,184,152,160,1.0,4.082158652879504e-06,0.017530002336689898
sio2 all 20 dish white_p01_r1044,176,184,156,164,1.0,4.515604253013107e-06,0.018743666626427236
sio2 all 20 dish white_p01_r1045,176,184,160,168,1.0,5.534434366060253e-06,0.01994479985442005
sio2 all 20 dish white_p01_r1046,176,184,164,172,1.0,1.0090945266038966e-05,0.02119574848781488
sio2 all 20 dish white_p01_r1047,176,184,168,176,1.0,2.1945318034936125e-05,0.02223469325144287
sio2 all 20 dish white_p01_r1048,176,184,172,180,1.0,2.2090033279878345e-05,0.02088131169248978
sio2 all 20 dish white_p01_r1049,176,184,176,184,0.90625,3.632374277851051e-06,0.01930811487434174
sio2 all 20 dish white_p01_r1050,180,188,88,96,0.875,9.536959866704167e-05,0.026035701074564953
sio2 all 20 dish white_p01_r1051,180,188,92,100,1.0,1.8685253665669173e-05,0.02279249895467033
sio2 all 20 dish white_p01_r1052,180,188,96,104,1.0,2.5683195748109834e-05,0.022192633392178782
sio2 all 20 dish white_p01_r1053,180,188,100,108,1.0,1.250982800288097e-05,0.01978683405440595
sio2 all 20 dish white_p01_r1054,180,188,104,112,1.0,1.897120913204356e-06,0.018473942690778965
sio2 all 20 dish white_p01_r1055,180,188,108,116,1.0,2.1443395994294738e-06,0.01837594143197993
sio2 all 20 dish white_p01_r1056,180,188,112,120,1.0,2.083376978873204e-06,0.017915349578469755
sio2 all 20 dish white_p01_r1057,180,188,116,124,1.0,1.37014178397811e-06,0.01745746572352906
sio2 all 20 dish white_p01_r1058,180,188,120,128,1.0,1.6357720445811858e-06,0.01755390982559327
sio2 all 20 dish white_p01_r1059,180,188,124,132,1.0,2.8856941900623214e-06,0.017856387159254652
sio2 all 20 dish white_p01_r1060,180,188,128,136,1.0,6.405101041346255e-06,0.018916516089985957
sio2 all 20 dish white_p01_r1061,180,188,132,140,1.0,5.70497079967481e-06,0.020134480276958393
sio2 all 20 dish white_p01_r1062,180,188,136,144,1.0,5.17013647914412e-06,0.021314749146640423
sio2 all 20 dish white_p01_r1063,180,188,140,148,1.0,5.224273929911643e-06,0.021518017946629837
sio2 all 20 dish white_p01_r1064,180,188,144,152,1.0,6.1697943451237565e-06,0.019953393867992428
sio2 all 20 dish white_p01_r1065,180,188,148,156,1.0,5.39281727599598e-06,0.019251971199272223
sio2 all 20 dish white_p01_r1066,180,188,152,160,1.0,5.285355754141765e-06,0.01957582878366809
sio2 all 20 dish white_p01_r1067,180,188,156,164,1.0,3.995526713086031e-06,0.019675620607282493
sio2 all 20 dish white_p01_r1068,180,188,160,168,1.0,3.6371448622447914e-06,0.01934732114666364
sio2 all 20 dish white_p01_r1069,180,188,164,172,1.0,4.319498708882492e-06,0.019255335910657524
sio2 all 20 dish white_p01_r1070,180,188,168,176,0.90625,4.1735884555902535e-06,0.019278042241596238
sio2 all 20 dish white_p01_r1071,184,192,96,104,1.0,2.6838797693363366e-05,0.024611991227757486
sio2 all 20 dish white_p01_r1072,184,192,100,108,1.0,1.1366401547964726e-05,0.020535136346574986
sio2 all 20 dish white_p01_r1073,184,192,104,112,1.0,1.8914264971410703e-06,0.018954437556455848
sio2 all 20 dish white_p01_r1074,184,192,108,116,1.0,1.7934915860446147e-06,0.018392865154249746
sio2 all 20 dish white_p01_r1075,184,192,112,120,1.0,1.4375599470770405e-06,0.017876654420983875
sio2 all 20 dish white_p01_r1076,184,192,116,124,1.0,1.668511387721902e-06,0.017851510367918457
sio2 all 20 dish white_p01_r1077,184,192,120,128,1.0,2.0940923030910075e-06,0.01826640856914938
sio2 all 20 dish white_p01_r1078,184,192,124,132,1.0,2.7429201160872407e-06,0.018794224470980763
sio2 all 20 dish white_p01_r1079,184,192,128,136,1.0,5.4566785757717305e-06,0.01983529770965628
sio2 all 20 dish white_p01_r1080,184,192,132,140,1.0,6.0721651981269815e-06,0.021643243302801003
sio2 all 20 dish white_p01_r1081,184,192,136,144,1.0,9.383770603803197e-06,0.023356393145906287
sio2 all 20 dish white_p01_r1082,184,192,140,148,1.0,1.2625323404972012e-05,0.02353181641888049
sio2 all 20 dish white_p01_r1083,184,192,144,152,1.0,1.0524277908487804e-05,0.021962496430911395
sio2 all 20 dish white_p01_r1084,184,192,148,156,1.0,5.431378200496568e-06,0.021017062746602578
sio2 all 20 dish white_p01_r1085,184,192,152,160,1.0,4.2153549354004145e-06,0.020902958160268846
sio2 all 20 dish white_p01_r1086,184,192,156,164,1.0,4.001616612374319e-06,0.02057736421254876
sio2 all 20 dish white_p01_r1087,184,192,160,168,1.0,4.753971481883954e-06,0.020221129527064487
sio2 all 20 dish white_p01_r1088,184,192,164,172,0.90625,5.406811156764418e-06,0.019977580022182608
sio2 all 20 dish white_p01_r1089,188,196,100,108,1.0,1.5639733256179205e-05,0.02203399922841537
sio2 all 20 dish white_p01_r1090,188,196,104,112,1.0,6.236758068672299e-06,0.020237856805704793
sio2 all 20 dish white_p01_r1091,188,196,108,116,1.0,2.320369040984683e-06,0.018900786076739073
sio2 all 20 dish white_p01_r1092,188,196,112,120,1.0,2.109780794474795e-06,0.018413842615914593
sio2 all 20 dish white_p01_r1093,188,196,116,124,1.0,2.410056639640221e-06,0.018557422623255285
sio2 all 20 dish white_p01_r1094,188,196,120,128,1.0,3.4916267532269584e-06,0.019456626882537655
sio2 all 20 dish white_p01_r1095,188,196,124,132,1.0,3.933201186294784e-06,0.020110469556047762
sio2 all 20 dish white_p01_r1096,188,196,128,136,1.0,5.745818598661253e-06,0.020651001911727095
sio2 all 20 dish white_p01_r1097,188,196,132,140,1.0,8.524687502388132e-06,0.022247836408415305
sio2 all 20 dish white_p01_r1098,188,196,136,144,1.0,1.3319892035250729e-05,0.024738811609993694
sio2 all 20 dish white_p01_r1099,188,196,140,148,1.0,1.2579242262060615e-05,0.025640382919468727
sio2 all 20 dish white_p01_r1100,188,196,144,152,1.0,1.0283410497321568e-05,0.023682742639471514
sio2 all 20 dish white_p01_r1101,188,196,148,156,1.0,4.2410563503338066e-06,0.022112654352703674
sio2 all 20 dish white_p01_r1102,188,196,152,160,1.0,4.166468153287904e-06,0.021940049830367212
sio2 all 20 dish white_p01_r1103,188,196,156,164,0.90625,4.393989224265739e-06,0.021890035303854256
sio2 all 20 dish white_p01_r1104,192,200,100,108,0.875,4.00073308265986e-05,0.025584848324137443
sio2 all 20 dish white_p01_r1105,192,200,104,112,1.0,9.73340930367946e-06,0.021939376581782022
sio2 all 20 dish white_p01_r1106,192,200,108,116,1.0,3.6143591943854145e-06,0.020057513413110146
sio2 all 20 dish white_p01_r1107,192,200,112,120,1.0,3.0382538519586166e-06,0.019537902339986174
sio2 all 20 dish white_p01_r1108,192,200,116,124,1.0,5.583096263589483e-06,0.020212303747502276
sio2 all 20 dish white_p01_r1109,192,200,120,128,1.0,9.231610772356541e-06,0.022175805860442644
sio2 all 20 dish white_p01_r1110,192,200,124,132,1.0,1.2112163997508977e-05,0.02357928859966412
sio2 all 20 dish white_p01_r1111,192,200,128,136,1.0,2.1411973579502006e-05,0.02498680799777575
sio2 all 20 dish white_p01_r1112,192,200,132,140,1.0,2.0054038444578282e-05,0.02509634599051825
sio2 all 20 dish white_p01_r1113,192,200,136,144,1.0,1.2662333944513008e-05,0.02471084240291264
sio2 all 20 dish white_p01_r1114,192,200,140,148,1.0,1.054492420207704e-05,0.0250988975925825
sio2 all 20 dish white_p01_r1115,192,200,144,152,1.0,7.171016592618646e-06,0.024204326504446975
sio2 all 20 dish white_p01_r1116,192,200,148,156,0.953125,1.649330652297348e-05,0.024260623470914993
sio2 all 20 dish white_p01_r1117,196,204,104,112,0.953125,2.2658383552077003e-05,0.02474610413694295
sio2 all 20 dish white_p01_r1118,196,204,108,116,1.0,6.460785709287171e-06,0.02202372401208558
sio2 all 20 dish white_p01_r1119,196,204,112,120,1.0,4.95565640070878e-06,0.021273112025919912
sio2 all 20 dish white_p01_r1120,196,204,116,124,1.0,6.592027395513677e-06,0.0220781237817045
sio2 all 20 dish white_p01_r1121,196,204,120,128,1.0,9.460300529706385e-06,0.024645929634238194
sio2 all 20 dish white_p01_r1122,196,204,124,132,1.0,9.080015783668908e-06,0.026981327013557082
sio2 all 20 dish white_p01_r1123,196,204,128,136,1.0,1.4261177712517346e-05,0.02812172430309743
sio2 all 20 dish white_p01_r1124,196,204,132,140,1.0,1.6228546912849743e-05,0.02717741174124041
sio2 all 20 dish white_p01_r1125,196,204,136,144,1.0,8.360340170673327e-06,0.025676486423995126
sio2 all 20 dish white_p01_r1126,196,204,140,148,0.984375,8.041166116660696e-06,0.02555975634024584
sio2 all 20 dish white_p01_r1127,200,208,104,112,0.859375,2.0810637403680922e-05,0.02753554584007409
sio2 all 20 dish white_p01_r1128,200,208,108,116,1.0,1.1430647859653964e-05,0.024830996431923116
sio2 all 20 dish white_p01_r1129,200,208,112,120,1.0,8.794953462383794e-06,0.02365138507022875
sio2 all 20 dish white_p01_r1130,200,208,116,124,1.0,1.0089844420221808e-05,0.024087208766705635
sio2 all 20 dish white_p01_r1131,200,208,120,128,1.0,1.073329355541719e-05,0.02585288502076117
sio2 all 20 dish white_p01_r1132,200,208,124,132,1.0,9.567411244936547e-06,0.02780869384322952
sio2 all 20 dish white_p01_r1133,200,208,128,136,1.0,9.559520188384913e-06,0.028165374107020275
sio2 all 20 dish white_p01_r1134,200,208,132,140,0.984375,1.022497308563738e-05,0.028030939930412543
sio2 all 20 dish white_p01_r1135,200,208,136,144,0.875,1.1781146211218239e-05,0.02833943906797367
sio2 all 20 dish white_p01_r1136,204,212,108,116,1.0,1.2463079778148864e-05,0.027347141793769
sio2 all 20 dish white_p01_r1137,204,212,112,120,1.0,2.3135060581621782e-05,0.028006199702956446
sio2 all 20 dish white_p01_r1138,204,212,116,124,1.0,2.2632854127489435e-05,0.028318699128857004
sio2 all 20 dish white_p01_r1139,204,212,120,128,1.0,1.0510039370084054e-05,0.02763056018324968
sio2 all 20 dish white_p01_r1140,204,212,124,132,1.0,1.1140723359740459e-05,0.028517392843943175
sio2 all 20 dish white_p01_r1141,204,212,128,136,0.9375,1.3881837626112126e-05,0.02953621486088664
sio2 all 20 dish white_p01_r1142,208,216,104,112,0.875,1.439414519489352e-05,0.030440301928853004
sio2 all 20 dish white_p01_r1143,208,216,108,116,1.0,1.1040979394304251e-05,0.02980802393490583
sio2 all 20 dish white_p01_r1144,208,216,112,120,1.0,1.6650372655284992e-05,0.031048995107477686
sio2 all 20 dish white_p01_r1145,208,216,116,124,1.0,1.6281238734408028e-05,0.031078816431443272
sio2 all 20 dish white_p01_r1146,208,216,120,128,0.96875,1.4025297334896517e-05,0.030349747238738758
sio2 all 20 dish white_p01_r1147,212,220,108,116,1.0,8.177172458244523e-06,0.032642729719143684
sio2 all 20 dish white_p01_r1148,212,220,112,120,0.96875,9.689496974006081e-06,0.032323515110147145
